{
  "status": "success",
  "creator": "Sanka Vollerei",
  "statusCode": 200,
  "statusMessage": "OK",
  "message": "",
  "ok": true,
  "data": {
    "genreList": [
      {
        "title": "Action",
        "genreId": "action",
        "href": "/anime/genre/action",
        "otakudesuUrl": "https://otakudesu.best/genres/action/"
      },
      {
        "title": "Adventure",
        "genreId": "adventure",
        "href": "/anime/genre/adventure",
        "otakudesuUrl": "https://otakudesu.best/genres/adventure/"
      },
      {
        "title": "Comedy",
        "genreId": "comedy",
        "href": "/anime/genre/comedy",
        "otakudesuUrl": "https://otakudesu.best/genres/comedy/"
      },
      {
        "title": "Demons",
        "genreId": "demons",
        "href": "/anime/genre/demons",
        "otakudesuUrl": "https://otakudesu.best/genres/demons/"
      },
      {
        "title": "Drama",
        "genreId": "drama",
        "href": "/anime/genre/drama",
        "otakudesuUrl": "https://otakudesu.best/genres/drama/"
      },
      {
        "title": "Ecchi",
        "genreId": "ecchi",
        "href": "/anime/genre/ecchi",
        "otakudesuUrl": "https://otakudesu.best/genres/ecchi/"
      },
      {
        "title": "Fantasy",
        "genreId": "fantasy",
        "href": "/anime/genre/fantasy",
        "otakudesuUrl": "https://otakudesu.best/genres/fantasy/"
      },
      {
        "title": "Game",
        "genreId": "game",
        "href": "/anime/genre/game",
        "otakudesuUrl": "https://otakudesu.best/genres/game/"
      },
      {
        "title": "Harem",
        "genreId": "harem",
        "href": "/anime/genre/harem",
        "otakudesuUrl": "https://otakudesu.best/genres/harem/"
      },
      {
        "title": "Historical",
        "genreId": "historical",
        "href": "/anime/genre/historical",
        "otakudesuUrl": "https://otakudesu.best/genres/historical/"
      },
      {
        "title": "Horror",
        "genreId": "horror",
        "href": "/anime/genre/horror",
        "otakudesuUrl": "https://otakudesu.best/genres/horror/"
      },
      {
        "title": "Josei",
        "genreId": "josei",
        "href": "/anime/genre/josei",
        "otakudesuUrl": "https://otakudesu.best/genres/josei/"
      },
      {
        "title": "Magic",
        "genreId": "magic",
        "href": "/anime/genre/magic",
        "otakudesuUrl": "https://otakudesu.best/genres/magic/"
      },
      {
        "title": "Martial Arts",
        "genreId": "martial-arts",
        "href": "/anime/genre/martial-arts",
        "otakudesuUrl": "https://otakudesu.best/genres/martial-arts/"
      },
      {
        "title": "Mecha",
        "genreId": "mecha",
        "href": "/anime/genre/mecha",
        "otakudesuUrl": "https://otakudesu.best/genres/mecha/"
      },
      {
        "title": "Military",
        "genreId": "military",
        "href": "/anime/genre/military",
        "otakudesuUrl": "https://otakudesu.best/genres/military/"
      },
      {
        "title": "Music",
        "genreId": "music",
        "href": "/anime/genre/music",
        "otakudesuUrl": "https://otakudesu.best/genres/music/"
      },
      {
        "title": "Mystery",
        "genreId": "mystery",
        "href": "/anime/genre/mystery",
        "otakudesuUrl": "https://otakudesu.best/genres/mystery/"
      },
      {
        "title": "Psychological",
        "genreId": "psychological",
        "href": "/anime/genre/psychological",
        "otakudesuUrl": "https://otakudesu.best/genres/psychological/"
      },
      {
        "title": "Parody",
        "genreId": "parody",
        "href": "/anime/genre/parody",
        "otakudesuUrl": "https://otakudesu.best/genres/parody/"
      },
      {
        "title": "Police",
        "genreId": "police",
        "href": "/anime/genre/police",
        "otakudesuUrl": "https://otakudesu.best/genres/police/"
      },
      {
        "title": "Reincarnation",
        "genreId": "reincarnation",
        "href": "/anime/genre/reincarnation",
        "otakudesuUrl": "https://otakudesu.best/genres/reincarnation/"
      },
      {
        "title": "Romance",
        "genreId": "romance",
        "href": "/anime/genre/romance",
        "otakudesuUrl": "https://otakudesu.best/genres/romance/"
      },
      {
        "title": "Samurai",
        "genreId": "samurai",
        "href": "/anime/genre/samurai",
        "otakudesuUrl": "https://otakudesu.best/genres/samurai/"
      },
      {
        "title": "School",
        "genreId": "school",
        "href": "/anime/genre/school",
        "otakudesuUrl": "https://otakudesu.best/genres/school/"
      },
      {
        "title": "Sci-Fi",
        "genreId": "sci-fi",
        "href": "/anime/genre/sci-fi",
        "otakudesuUrl": "https://otakudesu.best/genres/sci-fi/"
      },
      {
        "title": "Seinen",
        "genreId": "seinen",
        "href": "/anime/genre/seinen",
        "otakudesuUrl": "https://otakudesu.best/genres/seinen/"
      },
      {
        "title": "Shoujo",
        "genreId": "shoujo",
        "href": "/anime/genre/shoujo",
        "otakudesuUrl": "https://otakudesu.best/genres/shoujo/"
      },
      {
        "title": "Shoujo Ai",
        "genreId": "shoujo-ai",
        "href": "/anime/genre/shoujo-ai",
        "otakudesuUrl": "https://otakudesu.best/genres/shoujo-ai/"
      },
      {
        "title": "Shounen",
        "genreId": "shounen",
        "href": "/anime/genre/shounen",
        "otakudesuUrl": "https://otakudesu.best/genres/shounen/"
      },
      {
        "title": "Slice of Life",
        "genreId": "slice-of-life",
        "href": "/anime/genre/slice-of-life",
        "otakudesuUrl": "https://otakudesu.best/genres/slice-of-life/"
      },
      {
        "title": "Sports",
        "genreId": "sports",
        "href": "/anime/genre/sports",
        "otakudesuUrl": "https://otakudesu.best/genres/sports/"
      },
      {
        "title": "Space",
        "genreId": "space",
        "href": "/anime/genre/space",
        "otakudesuUrl": "https://otakudesu.best/genres/space/"
      },
      {
        "title": "Super Power",
        "genreId": "super-power",
        "href": "/anime/genre/super-power",
        "otakudesuUrl": "https://otakudesu.best/genres/super-power/"
      },
      {
        "title": "Supernatural",
        "genreId": "supernatural",
        "href": "/anime/genre/supernatural",
        "otakudesuUrl": "https://otakudesu.best/genres/supernatural/"
      },
      {
        "title": "Vampire",
        "genreId": "vampire",
        "href": "/anime/genre/vampire",
        "otakudesuUrl": "https://otakudesu.best/genres/vampire/"
      }
    ]
  },
  "pagination": null
}