{
    "data": [
        {
            "id": "17713169419297",
            "last_active": 1771317099,
            "recent": [
                {
                    "title": "Fate/strange Fake Episode 1 Subtitle Indonesia",
                    "animeId": "fate-fake-whisper-sub-indo",
                    "poster": "https://otakudesu.best/wp-content/uploads/2024/12/132201-1.jpg",
                    "href": "fate-fake-whisper-sub-indo/fs-fake-episode-1-sub-indo",
                    "currentTime": 0,
                    "duration": 0,
                    "time": "baru saja"
                }
            ]
        }
    ]
}