{
  "status": "success",
  "creator": "Sanka Vollerei",
  "statusCode": 200,
  "statusMessage": "OK",
  "message": "",
  "ok": true,
  "data": {
    "ongoing": {
      "href": "/anime/ongoing-anime",
      "otakudesuUrl": "https://otakudesu.best/ongoing-anime/",
      "animeList": [
        {
          "title": "Himesama “Goumon” no Jikan desu Season 2",
          "poster": "https://otakudesu.best/wp-content/uploads/2026/01/153326.jpg",
          "episodes": 6,
          "releaseDay": "Selasa",
          "latestReleaseDate": "17 Feb",
          "animeId": "goumon-s2-sub-indo",
          "href": "/anime/anime/goumon-s2-sub-indo",
          "otakudesuUrl": "https://otakudesu.best/anime/goumon-s2-sub-indo/"
        },
        {
          "title": "Osananajimi to wa Love Comedy ni Naranai",
          "poster": "https://otakudesu.best/wp-content/uploads/2026/01/Osananajimi-to-wa-Love-Comedy-ni-Naranai.jpg",
          "episodes": 7,
          "releaseDay": "Selasa",
          "latestReleaseDate": "17 Feb",
          "animeId": "osananajimi-love-comedy-sub-indo",
          "href": "/anime/anime/osananajimi-love-comedy-sub-indo",
          "otakudesuUrl": "https://otakudesu.best/anime/osananajimi-love-comedy-sub-indo/"
        },
        {
          "title": "Golden Kamuy Season 5",
          "poster": "https://otakudesu.best/wp-content/uploads/2026/01/154763.jpg",
          "episodes": 7,
          "releaseDay": "Selasa",
          "latestReleaseDate": "17 Feb",
          "animeId": "kamuy-golden-season-5-sub-indo",
          "href": "/anime/anime/kamuy-golden-season-5-sub-indo",
          "otakudesuUrl": "https://otakudesu.best/anime/kamuy-golden-season-5-sub-indo/"
        },
        {
          "title": "Kirei ni Shitemoraemasu ka.",
          "poster": "https://otakudesu.best/wp-content/uploads/2026/01/154234.jpg",
          "episodes": 7,
          "releaseDay": "Senin",
          "latestReleaseDate": "16 Feb",
          "animeId": "kirei-shitemoraemasu-sub-indo",
          "href": "/anime/anime/kirei-shitemoraemasu-sub-indo",
          "otakudesuUrl": "https://otakudesu.best/anime/kirei-shitemoraemasu-sub-indo/"
        },
        {
          "title": "Vigilante: Boku no Hero Academia Illegals Season 2",
          "poster": "https://otakudesu.best/wp-content/uploads/2026/01/vigilante-boku-no-hero-academia-illegals-2nd-season-0425f475b8.jpg",
          "episodes": 7,
          "releaseDay": "Senin",
          "latestReleaseDate": "16 Feb",
          "animeId": "vigilante-bnh-academia-illegals-s2-sub-indo",
          "href": "/anime/anime/vigilante-bnh-academia-illegals-s2-sub-indo",
          "otakudesuUrl": "https://otakudesu.best/anime/vigilante-bnh-academia-illegals-s2-sub-indo/"
        },
        {
          "title": "Goumon Baito-kun no Nichijou",
          "poster": "https://otakudesu.best/wp-content/uploads/2026/01/153380.jpg",
          "episodes": 7,
          "releaseDay": "Senin",
          "latestReleaseDate": "16 Feb",
          "animeId": "goumon-baito-sub-indo",
          "href": "/anime/anime/goumon-baito-sub-indo",
          "otakudesuUrl": "https://otakudesu.best/anime/goumon-baito-sub-indo/"
        },
        {
          "title": "Seihantai na Kimi to Boku",
          "poster": "https://otakudesu.best/wp-content/uploads/2026/01/Seihantai-na-Kimi-to-Boku.jpg",
          "episodes": 6,
          "releaseDay": "Senin",
          "latestReleaseDate": "16 Feb",
          "animeId": "seihantai-kimi-boku-sub-indo",
          "href": "/anime/anime/seihantai-kimi-boku-sub-indo",
          "otakudesuUrl": "https://otakudesu.best/anime/seihantai-kimi-boku-sub-indo/"
        },
        {
          "title": "Ikoku Nikki",
          "poster": "https://otakudesu.best/wp-content/uploads/2026/01/Ikoku-Nikki-Sub.jpg",
          "episodes": 7,
          "releaseDay": "Minggu",
          "latestReleaseDate": "16 Feb",
          "animeId": "ikoku-nikki-sub-indo",
          "href": "/anime/anime/ikoku-nikki-sub-indo",
          "otakudesuUrl": "https://otakudesu.best/anime/ikoku-nikki-sub-indo/"
        },
        {
          "title": "Gnosia",
          "poster": "https://otakudesu.best/wp-content/uploads/2025/10/152352.jpg",
          "episodes": 18,
          "releaseDay": "Minggu",
          "latestReleaseDate": "16 Feb",
          "animeId": "gnosia-sub-indo",
          "href": "/anime/anime/gnosia-sub-indo",
          "otakudesuUrl": "https://otakudesu.best/anime/gnosia-sub-indo/"
        },
        {
          "title": "Kizoku Tensei",
          "poster": "https://otakudesu.best/wp-content/uploads/2026/01/153722.jpg",
          "episodes": 7,
          "releaseDay": "Minggu",
          "latestReleaseDate": "16 Feb",
          "animeId": "kizoku-tensei-subtitle-indonesia",
          "href": "/anime/anime/kizoku-tensei-subtitle-indonesia",
          "otakudesuUrl": "https://otakudesu.best/anime/kizoku-tensei-subtitle-indonesia/"
        },
        {
          "title": "Jigokuraku Season 2",
          "poster": "https://otakudesu.best/wp-content/uploads/2026/01/154456.jpg",
          "episodes": 6,
          "releaseDay": "Minggu",
          "latestReleaseDate": "15 Feb",
          "animeId": "jigokuku-s2-sub-indo",
          "href": "/anime/anime/jigokuku-s2-sub-indo",
          "otakudesuUrl": "https://otakudesu.best/anime/jigokuku-s2-sub-indo/"
        },
        {
          "title": "Hanazakari no Kimitachi e",
          "poster": "https://otakudesu.best/wp-content/uploads/2026/01/152041.jpg",
          "episodes": 8,
          "releaseDay": "Minggu",
          "latestReleaseDate": "15 Feb",
          "animeId": "hanazakari-kimitachi-sub-indo",
          "href": "/anime/anime/hanazakari-kimitachi-sub-indo",
          "otakudesuUrl": "https://otakudesu.best/anime/hanazakari-kimitachi-sub-indo/"
        },
        {
          "title": "Majutsushi Kunon wa Mieteiru",
          "poster": "https://otakudesu.best/wp-content/uploads/2026/01/154459.jpg",
          "episodes": 8,
          "releaseDay": "Minggu",
          "latestReleaseDate": "15 Feb",
          "animeId": "majutsushi-kunon-mieteiru-sub-indo",
          "href": "/anime/anime/majutsushi-kunon-mieteiru-sub-indo",
          "otakudesuUrl": "https://otakudesu.best/anime/majutsushi-kunon-mieteiru-sub-indo/"
        },
        {
          "title": "Ao no Orchestra Season 2",
          "poster": "https://otakudesu.best/wp-content/uploads/2025/10/151796.jpg",
          "episodes": 19,
          "releaseDay": "Minggu",
          "latestReleaseDate": "15 Feb",
          "animeId": "orchestra-s2-sub-indo",
          "href": "/anime/anime/orchestra-s2-sub-indo",
          "otakudesuUrl": "https://otakudesu.best/anime/orchestra-s2-sub-indo/"
        },
        {
          "title": "Uruwashi no Yoi no Tsuki",
          "poster": "https://otakudesu.best/wp-content/uploads/2026/01/Uruwashi-no-Yoi-no-Tsuki.jpg",
          "episodes": 6,
          "releaseDay": "Minggu",
          "latestReleaseDate": "15 Feb",
          "animeId": "uruwashi-yoi-tsuki-sub-indo",
          "href": "/anime/anime/uruwashi-yoi-tsuki-sub-indo",
          "otakudesuUrl": "https://otakudesu.best/anime/uruwashi-yoi-tsuki-sub-indo/"
        }
      ]
    },
    "completed": {
      "href": "/anime/complete-anime",
      "otakudesuUrl": "https://otakudesu.best/complete-anime/",
      "animeList": [
        {
          "title": "Towa no Yuugure",
          "poster": "https://otakudesu.best/wp-content/uploads/2026/02/Towa-no-Yuugure-Sub-Indo.jpg",
          "episodes": 12,
          "score": "6.52",
          "lastReleaseDate": "07 Feb",
          "animeId": "towa-yuugure-sub-indo",
          "href": "/anime/anime/towa-yuugure-sub-indo",
          "otakudesuUrl": "https://otakudesu.best/anime/towa-yuugure-sub-indo/"
        },
        {
          "title": "Wandance",
          "poster": "https://otakudesu.best/wp-content/uploads/2026/01/Wandance-Sub-Indo.jpg",
          "episodes": 12,
          "score": "Fall 2025",
          "lastReleaseDate": "25 Jan",
          "animeId": "wandnce-sub-indo",
          "href": "/anime/anime/wandnce-sub-indo",
          "otakudesuUrl": "https://otakudesu.best/anime/wandnce-sub-indo/"
        },
        {
          "title": "Nageki no Bourei wa Intai shitai Season 2",
          "poster": "https://otakudesu.best/wp-content/uploads/2026/01/Nageki-no-Bourei-wa-Intai-shitai-Season-2-Sub-Indo.jpg",
          "episodes": 11,
          "score": "7.54",
          "lastReleaseDate": "21 Jan",
          "animeId": "ageki-bourei-intai-shitai-s2-sub-indo",
          "href": "/anime/anime/ageki-bourei-intai-shitai-s2-sub-indo",
          "otakudesuUrl": "https://otakudesu.best/anime/ageki-bourei-intai-shitai-s2-sub-indo/"
        },
        {
          "title": "Chichi wa Eiyuu, Haha wa Seirei, Musume no Watashi wa Tenseisha.",
          "poster": "https://otakudesu.best/wp-content/uploads/2026/01/Chichi-wa-Eiyuu-Haha-wa-Seirei-Musume-no-Watashi-wa-Tenseisha.-Sub-Indo.jpg",
          "episodes": 12,
          "score": "6.65",
          "lastReleaseDate": "17 Jan",
          "animeId": "chichi-haha-seirei-sub-indo",
          "href": "/anime/anime/chichi-haha-seirei-sub-indo",
          "otakudesuUrl": "https://otakudesu.best/anime/chichi-haha-seirei-sub-indo/"
        },
        {
          "title": "Mugen Gacha",
          "poster": "https://otakudesu.best/wp-content/uploads/2026/01/Mugen-Gacha-Sub-Indo.jpg",
          "episodes": 12,
          "score": "7.09",
          "lastReleaseDate": "16 Jan",
          "animeId": "mugen-gacha-sub-indo",
          "href": "/anime/anime/mugen-gacha-sub-indo",
          "otakudesuUrl": "https://otakudesu.best/anime/mugen-gacha-sub-indo/"
        },
        {
          "title": "Alma-chan wa Kazoku ni Naritai",
          "poster": "https://otakudesu.best/wp-content/uploads/2026/01/Alma-chan-wa-Kazoku-ni-Naritai-Sub-Indo.jpg",
          "episodes": 11,
          "score": "7.11",
          "lastReleaseDate": "15 Jan",
          "animeId": "alma-kazoku-naritai-sub-indo",
          "href": "/anime/anime/alma-kazoku-naritai-sub-indo",
          "otakudesuUrl": "https://otakudesu.best/anime/alma-kazoku-naritai-sub-indo/"
        },
        {
          "title": "Akujiki Reijou to Kyouketsu Koushaku",
          "poster": "https://otakudesu.best/wp-content/uploads/2026/01/Akujiki-Reijou-to-Kyouketsu-Koushaku-Sub-Indo.jpg",
          "episodes": 12,
          "score": "7.12",
          "lastReleaseDate": "12 Jan",
          "animeId": "akujiki-reijou-kyouketsu-koushaku-sub-indo",
          "href": "/anime/anime/akujiki-reijou-kyouketsu-koushaku-sub-indo",
          "otakudesuUrl": "https://otakudesu.best/anime/akujiki-reijou-kyouketsu-koushaku-sub-indo/"
        },
        {
          "title": "Yasei no Last Boss ga Arawareta!",
          "poster": "https://otakudesu.best/wp-content/uploads/2026/01/Yasei-no-Last-Boss-ga-Arawareta-Sub-Indo.jpg",
          "episodes": 12,
          "score": "7.49",
          "lastReleaseDate": "09 Jan",
          "animeId": "yasei-last-bos-sub-indo",
          "href": "/anime/anime/yasei-last-bos-sub-indo",
          "otakudesuUrl": "https://otakudesu.best/anime/yasei-last-bos-sub-indo/"
        },
        {
          "title": "Bukiyou na Senpai",
          "poster": "https://otakudesu.best/wp-content/uploads/2026/01/Bukiyou-na-Senpai-Sub-Indo.jpg",
          "episodes": 12,
          "score": "7.05",
          "lastReleaseDate": "06 Jan",
          "animeId": "bukiyou-senpai-sub-indo",
          "href": "/anime/anime/bukiyou-senpai-sub-indo",
          "otakudesuUrl": "https://otakudesu.best/anime/bukiyou-senpai-sub-indo/"
        },
        {
          "title": "Sozai Saishuka no Isekai Ryokouki",
          "poster": "https://otakudesu.best/wp-content/uploads/2025/12/Sozai-Saishuka-no-Isekai-Ryokouki-Sub-Indo.jpg",
          "episodes": 12,
          "score": "6.12",
          "lastReleaseDate": "27 Des",
          "animeId": "sozai-isekai-ryokouki-sub-indo",
          "href": "/anime/anime/sozai-isekai-ryokouki-sub-indo",
          "otakudesuUrl": "https://otakudesu.best/anime/sozai-isekai-ryokouki-sub-indo/"
        }
      ]
    }
  },
  "pagination": null
}