{
  "status": "success",
  "creator": "Sanka Vollerei",
  "statusCode": 200,
  "statusMessage": "OK",
  "message": "",
  "ok": true,
  "data": {
    "title": "Yasei no Last Boss ga Arawareta!",
    "poster": "https://otakudesu.best/wp-content/uploads/2026/01/Yasei-no-Last-Boss-ga-Arawareta-Sub-Indo.jpg",
    "japanese": "野生のラスボスが現れた！",
    "score": "7.49",
    "producers": "KlockWorx, Tohokushinsha Film Corporation, Earth Star Entertainment, NBCUniversal Entertainment Japan, Kansai TV, BS Asahi, Bushiroad Move, WOWMAX",
    "type": "TV",
    "status": "Completed",
    "episodes": 12,
    "duration": "23 Menit",
    "aired": "Okt 04, 2025",
    "studios": "WAO World",
    "batch": {
      "title": "Yasei no Last Boss ga Arawareta! [BATCH] Subtitle Indonesia",
      "batchId": "ynlbga-batch-sub-indo",
      "href": "/anime/batch/ynlbga-batch-sub-indo",
      "otakudesuUrl": "https://otakudesu.best/batch/ynlbga-batch-sub-indo/"
    },
    "synopsis": {
      "paragraphs": [
        "Dulu, ada seorang raja yang begitu mendominasi dan berhasil menaklukkan dunia. Nama raja tersebut adalah Ruphas Mafahl, seorang wanita dengan julukan Tiran Bersayap Hitam. Dirinya sangatlah kuat dan juga cantik. Namun, sayangnya Ruphas gagal mengalahkan para pahlawan.",
        "Suatu hari, seorang pria tiba-tiba dipanggil ke dunia tersebut dan masuk ke dalam tubuh Ruphas. Tentunya, ia terkejut karena perubahan yang mendadak tersebut. Namun, ia sudah kenal dengan karakter Ruphas karena telah memainkan game tersebut.",
        "Mampukah dirinya menjalani kehidupan di dunia tersebut?"
      ],
      "connections": []
    },
    "genreList": [
      {
        "title": "Action",
        "genreId": "action",
        "href": "/anime/genre/action",
        "otakudesuUrl": "https://otakudesu.best/genres/action/"
      },
      {
        "title": "Adventure",
        "genreId": "adventure",
        "href": "/anime/genre/adventure",
        "otakudesuUrl": "https://otakudesu.best/genres/adventure/"
      },
      {
        "title": "Fantasy",
        "genreId": "fantasy",
        "href": "/anime/genre/fantasy",
        "otakudesuUrl": "https://otakudesu.best/genres/fantasy/"
      },
      {
        "title": "Isekai",
        "genreId": "isekai",
        "href": "/anime/genre/isekai",
        "otakudesuUrl": "https://otakudesu.best/genres/isekai/"
      }
    ],
    "episodeList": [
      {
        "title": "Yasei no Last Boss ga Arawareta! Episode 12 (End) Subtitle Indonesia",
        "eps": 12,
        "date": "9 Januari,2026",
        "episodeId": "ynlbga-episode-12-sub-indo",
        "href": "/anime/episode/ynlbga-episode-12-sub-indo",
        "otakudesuUrl": "https://otakudesu.best/episode/ynlbga-episode-12-sub-indo/"
      },
      {
        "title": "Yasei no Last Boss ga Arawareta! Episode 11 Subtitle Indonesia",
        "eps": 11,
        "date": "9 Januari,2026",
        "episodeId": "ynlbga-episode-11-sub-indo",
        "href": "/anime/episode/ynlbga-episode-11-sub-indo",
        "otakudesuUrl": "https://otakudesu.best/episode/ynlbga-episode-11-sub-indo/"
      },
      {
        "title": "Yasei no Last Boss ga Arawareta! Episode 10 Subtitle Indonesia",
        "eps": 10,
        "date": "9 Januari,2026",
        "episodeId": "ynlbga-episode-10-sub-indo",
        "href": "/anime/episode/ynlbga-episode-10-sub-indo",
        "otakudesuUrl": "https://otakudesu.best/episode/ynlbga-episode-10-sub-indo/"
      },
      {
        "title": "Yasei no Last Boss ga Arawareta! Episode 9 Subtitle Indonesia",
        "eps": 9,
        "date": "9 Januari,2026",
        "episodeId": "ynlbga-episode-9-sub-indo",
        "href": "/anime/episode/ynlbga-episode-9-sub-indo",
        "otakudesuUrl": "https://otakudesu.best/episode/ynlbga-episode-9-sub-indo/"
      },
      {
        "title": "Yasei no Last Boss ga Arawareta! Episode 8 Subtitle Indonesia",
        "eps": 8,
        "date": "9 Januari,2026",
        "episodeId": "ynlbga-episode-8-sub-indo",
        "href": "/anime/episode/ynlbga-episode-8-sub-indo",
        "otakudesuUrl": "https://otakudesu.best/episode/ynlbga-episode-8-sub-indo/"
      },
      {
        "title": "Yasei no Last Boss ga Arawareta! Episode 7 Subtitle Indonesia",
        "eps": 7,
        "date": "9 Januari,2026",
        "episodeId": "ynlbga-episode-7-sub-indo",
        "href": "/anime/episode/ynlbga-episode-7-sub-indo",
        "otakudesuUrl": "https://otakudesu.best/episode/ynlbga-episode-7-sub-indo/"
      },
      {
        "title": "Yasei no Last Boss ga Arawareta! Episode 6 Subtitle Indonesia",
        "eps": 6,
        "date": "9 Januari,2026",
        "episodeId": "ynlbga-episode-6-sub-indo",
        "href": "/anime/episode/ynlbga-episode-6-sub-indo",
        "otakudesuUrl": "https://otakudesu.best/episode/ynlbga-episode-6-sub-indo/"
      },
      {
        "title": "Yasei no Last Boss ga Arawareta! Episode 5 Subtitle Indonesia",
        "eps": 5,
        "date": "9 Januari,2026",
        "episodeId": "ynlbga-episode-5-sub-indo",
        "href": "/anime/episode/ynlbga-episode-5-sub-indo",
        "otakudesuUrl": "https://otakudesu.best/episode/ynlbga-episode-5-sub-indo/"
      },
      {
        "title": "Yasei no Last Boss ga Arawareta! Episode 4 Subtitle Indonesia",
        "eps": 4,
        "date": "9 Januari,2026",
        "episodeId": "ynlbga-episode-4-sub-indo",
        "href": "/anime/episode/ynlbga-episode-4-sub-indo",
        "otakudesuUrl": "https://otakudesu.best/episode/ynlbga-episode-4-sub-indo/"
      },
      {
        "title": "Yasei no Last Boss ga Arawareta! Episode 3 Subtitle Indonesia",
        "eps": 3,
        "date": "9 Januari,2026",
        "episodeId": "ynlbga-episode-3-sub-indo",
        "href": "/anime/episode/ynlbga-episode-3-sub-indo",
        "otakudesuUrl": "https://otakudesu.best/episode/ynlbga-episode-3-sub-indo/"
      },
      {
        "title": "Yasei no Last Boss ga Arawareta! Episode 2 Subtitle Indonesia",
        "eps": 2,
        "date": "9 Januari,2026",
        "episodeId": "ynlbga-episode-2-sub-indo",
        "href": "/anime/episode/ynlbga-episode-2-sub-indo",
        "otakudesuUrl": "https://otakudesu.best/episode/ynlbga-episode-2-sub-indo/"
      },
      {
        "title": "Yasei no Last Boss ga Arawareta! Episode 1 Subtitle Indonesia",
        "eps": 1,
        "date": "9 Januari,2026",
        "episodeId": "ynlbga-episode-1-sub-indo",
        "href": "/anime/episode/ynlbga-episode-1-sub-indo",
        "otakudesuUrl": "https://otakudesu.best/episode/ynlbga-episode-1-sub-indo/"
      }
    ],
    "recommendedAnimeList": [
      {
        "title": "Towa no Yuugure",
        "poster": "https://otakudesu.best/wp-content/uploads/2026/02/Towa-no-Yuugure-Sub-Indo.jpg",
        "animeId": "towa-yuugure-sub-indo",
        "href": "/anime/anime/towa-yuugure-sub-indo",
        "otakudesuUrl": "https://otakudesu.best/anime/towa-yuugure-sub-indo/"
      },
      {
        "title": "Wandance",
        "poster": "https://otakudesu.best/wp-content/uploads/2026/01/Wandance-Sub-Indo.jpg",
        "animeId": "wandnce-sub-indo",
        "href": "/anime/anime/wandnce-sub-indo",
        "otakudesuUrl": "https://otakudesu.best/anime/wandnce-sub-indo/"
      },
      {
        "title": "Nageki no Bourei wa Intai shitai Season 2",
        "poster": "https://otakudesu.best/wp-content/uploads/2026/01/Nageki-no-Bourei-wa-Intai-shitai-Season-2-Sub-Indo.jpg",
        "animeId": "ageki-bourei-intai-shitai-s2-sub-indo",
        "href": "/anime/anime/ageki-bourei-intai-shitai-s2-sub-indo",
        "otakudesuUrl": "https://otakudesu.best/anime/ageki-bourei-intai-shitai-s2-sub-indo/"
      },
      {
        "title": "Chichi wa Eiyuu, Haha wa Seirei, Musume no Watashi wa Tenseisha.",
        "poster": "https://otakudesu.best/wp-content/uploads/2026/01/Chichi-wa-Eiyuu-Haha-wa-Seirei-Musume-no-Watashi-wa-Tenseisha.-Sub-Indo.jpg",
        "animeId": "chichi-haha-seirei-sub-indo",
        "href": "/anime/anime/chichi-haha-seirei-sub-indo",
        "otakudesuUrl": "https://otakudesu.best/anime/chichi-haha-seirei-sub-indo/"
      },
      {
        "title": "Mugen Gacha",
        "poster": "https://otakudesu.best/wp-content/uploads/2026/01/Mugen-Gacha-Sub-Indo.jpg",
        "animeId": "mugen-gacha-sub-indo",
        "href": "/anime/anime/mugen-gacha-sub-indo",
        "otakudesuUrl": "https://otakudesu.best/anime/mugen-gacha-sub-indo/"
      }
    ]
  },
  "pagination": null
}