{
  "status": "success",
  "creator": "Sanka Vollerei",
  "statusCode": 200,
  "statusMessage": "OK",
  "message": "",
  "ok": true,
  "data": {
    "title": "Goumon Baito-kun no Nichijou",
    "poster": "https://otakudesu.best/wp-content/uploads/2026/01/153380.jpg",
    "japanese": "拷問バイトくんの日常",
    "score": "",
    "producers": "Lantis, Kadokawa, Bit grooove promotion",
    "type": "TV",
    "status": "Ongoing",
    "episodes": 12,
    "duration": "23 min. per ep.",
    "aired": "Jan 05, 2026",
    "studios": "Diomedéa",
    "batch": null,
    "synopsis": {
      "paragraphs": [],
      "connections": []
    },
    "genreList": [
      {
        "title": "Comedy",
        "genreId": "comedy",
        "href": "/anime/genre/comedy",
        "otakudesuUrl": "https://otakudesu.best/genres/comedy/"
      }
    ],
    "episodeList": [
      {
        "title": "Goumon Baito-kun no Nichijou Episode 6 Subtitle Indonesia",
        "eps": 6,
        "date": "9 Februari,2026",
        "episodeId": "gbn-episode-6-sub-indo",
        "href": "/anime/episode/gbn-episode-6-sub-indo",
        "otakudesuUrl": "https://otakudesu.best/episode/gbn-episode-6-sub-indo/"
      },
      {
        "title": "Goumon Baito-kun no Nichijou Episode 5 Subtitle Indonesia",
        "eps": 5,
        "date": "2 Februari,2026",
        "episodeId": "gbn-episode-5-sub-indo",
        "href": "/anime/episode/gbn-episode-5-sub-indo",
        "otakudesuUrl": "https://otakudesu.best/episode/gbn-episode-5-sub-indo/"
      },
      {
        "title": "Goumon Baito-kun no Nichijou Episode 4 Subtitle Indonesia",
        "eps": 4,
        "date": "26 Januari,2026",
        "episodeId": "gbn-episode-4-sub-indo",
        "href": "/anime/episode/gbn-episode-4-sub-indo",
        "otakudesuUrl": "https://otakudesu.best/episode/gbn-episode-4-sub-indo/"
      },
      {
        "title": "Goumon Baito-kun no Nichijou Episode 3 Subtitle Indonesia",
        "eps": 3,
        "date": "19 Januari,2026",
        "episodeId": "gbn-episode-3-sub-indo",
        "href": "/anime/episode/gbn-episode-3-sub-indo",
        "otakudesuUrl": "https://otakudesu.best/episode/gbn-episode-3-sub-indo/"
      },
      {
        "title": "Goumon Baito-kun no Nichijou Episode 2 Subtitle Indonesia",
        "eps": 2,
        "date": "12 Januari,2026",
        "episodeId": "gbn-episode-2-sub-indo",
        "href": "/anime/episode/gbn-episode-2-sub-indo",
        "otakudesuUrl": "https://otakudesu.best/episode/gbn-episode-2-sub-indo/"
      },
      {
        "title": "Goumon Baito-kun no Nichijou Episode 1 Subtitle Indonesia",
        "eps": 1,
        "date": "5 Januari,2026",
        "episodeId": "gbn-episode-1-sub-indo",
        "href": "/anime/episode/gbn-episode-1-sub-indo",
        "otakudesuUrl": "https://otakudesu.best/episode/gbn-episode-1-sub-indo/"
      }
    ],
    "recommendedAnimeList": [
      {
        "title": "Towa no Yuugure",
        "poster": "https://otakudesu.best/wp-content/uploads/2026/02/Towa-no-Yuugure-Sub-Indo.jpg",
        "animeId": "towa-yuugure-sub-indo",
        "href": "/anime/anime/towa-yuugure-sub-indo",
        "otakudesuUrl": "https://otakudesu.best/anime/towa-yuugure-sub-indo/"
      },
      {
        "title": "Wandance",
        "poster": "https://otakudesu.best/wp-content/uploads/2026/01/Wandance-Sub-Indo.jpg",
        "animeId": "wandnce-sub-indo",
        "href": "/anime/anime/wandnce-sub-indo",
        "otakudesuUrl": "https://otakudesu.best/anime/wandnce-sub-indo/"
      },
      {
        "title": "Nageki no Bourei wa Intai shitai Season 2",
        "poster": "https://otakudesu.best/wp-content/uploads/2026/01/Nageki-no-Bourei-wa-Intai-shitai-Season-2-Sub-Indo.jpg",
        "animeId": "ageki-bourei-intai-shitai-s2-sub-indo",
        "href": "/anime/anime/ageki-bourei-intai-shitai-s2-sub-indo",
        "otakudesuUrl": "https://otakudesu.best/anime/ageki-bourei-intai-shitai-s2-sub-indo/"
      },
      {
        "title": "Chichi wa Eiyuu, Haha wa Seirei, Musume no Watashi wa Tenseisha.",
        "poster": "https://otakudesu.best/wp-content/uploads/2026/01/Chichi-wa-Eiyuu-Haha-wa-Seirei-Musume-no-Watashi-wa-Tenseisha.-Sub-Indo.jpg",
        "animeId": "chichi-haha-seirei-sub-indo",
        "href": "/anime/anime/chichi-haha-seirei-sub-indo",
        "otakudesuUrl": "https://otakudesu.best/anime/chichi-haha-seirei-sub-indo/"
      },
      {
        "title": "Mugen Gacha",
        "poster": "https://otakudesu.best/wp-content/uploads/2026/01/Mugen-Gacha-Sub-Indo.jpg",
        "animeId": "mugen-gacha-sub-indo",
        "href": "/anime/anime/mugen-gacha-sub-indo",
        "otakudesuUrl": "https://otakudesu.best/anime/mugen-gacha-sub-indo/"
      }
    ]
  },
  "pagination": null
}