{
  "status": "success",
  "creator": "Sanka Vollerei",
  "statusCode": 200,
  "statusMessage": "OK",
  "message": "",
  "ok": true,
  "data": {
    "title": "Kaya-chan wa Kowakunai",
    "poster": "https://otakudesu.best/wp-content/uploads/2026/01/153705.jpg",
    "japanese": "カヤちゃんはコワくない",
    "score": "",
    "producers": "Pony Canyon, Kadokawa",
    "type": "TV",
    "status": "Ongoing",
    "episodes": 12,
    "duration": "23 Min.",
    "aired": "Jan 11, 2026",
    "studios": "East Fish",
    "batch": null,
    "synopsis": {
      "paragraphs": [],
      "connections": []
    },
    "genreList": [
      {
        "title": "School",
        "genreId": "school",
        "href": "/anime/genre/school",
        "otakudesuUrl": "https://otakudesu.best/genres/school/"
      },
      {
        "title": "Supernatural",
        "genreId": "supernatural",
        "href": "/anime/genre/supernatural",
        "otakudesuUrl": "https://otakudesu.best/genres/supernatural/"
      }
    ],
    "episodeList": [
      {
        "title": "Kaya-chan wa Kowakunai Episode 5 Subtitle Indonesia",
        "eps": 5,
        "date": "8 Februari,2026",
        "episodeId": "kcwk-episode-5-sub-indo",
        "href": "/anime/episode/kcwk-episode-5-sub-indo",
        "otakudesuUrl": "https://otakudesu.best/episode/kcwk-episode-5-sub-indo/"
      },
      {
        "title": "Kaya-chan wa Kowakunai Episode 4 Subtitle Indonesia",
        "eps": 4,
        "date": "1 Februari,2026",
        "episodeId": "kcwk-episode-4-sub-indo",
        "href": "/anime/episode/kcwk-episode-4-sub-indo",
        "otakudesuUrl": "https://otakudesu.best/episode/kcwk-episode-4-sub-indo/"
      },
      {
        "title": "Kaya-chan wa Kowakunai Episode 3 Subtitle Indonesia",
        "eps": 3,
        "date": "25 Januari,2026",
        "episodeId": "kcwk-episode-3-sub-indo",
        "href": "/anime/episode/kcwk-episode-3-sub-indo",
        "otakudesuUrl": "https://otakudesu.best/episode/kcwk-episode-3-sub-indo/"
      },
      {
        "title": "Kaya-chan wa Kowakunai Episode 2 Subtitle Indonesia",
        "eps": 2,
        "date": "18 Januari,2026",
        "episodeId": "kcwk-episode-2-sub-indo",
        "href": "/anime/episode/kcwk-episode-2-sub-indo",
        "otakudesuUrl": "https://otakudesu.best/episode/kcwk-episode-2-sub-indo/"
      },
      {
        "title": "Kaya-chan wa Kowakunai Episode 1 Subtitle Indonesia",
        "eps": 1,
        "date": "11 Januari,2026",
        "episodeId": "kcwk-episode-1-sub-indo",
        "href": "/anime/episode/kcwk-episode-1-sub-indo",
        "otakudesuUrl": "https://otakudesu.best/episode/kcwk-episode-1-sub-indo/"
      }
    ],
    "recommendedAnimeList": [
      {
        "title": "Towa no Yuugure",
        "poster": "https://otakudesu.best/wp-content/uploads/2026/02/Towa-no-Yuugure-Sub-Indo.jpg",
        "animeId": "towa-yuugure-sub-indo",
        "href": "/anime/anime/towa-yuugure-sub-indo",
        "otakudesuUrl": "https://otakudesu.best/anime/towa-yuugure-sub-indo/"
      },
      {
        "title": "Wandance",
        "poster": "https://otakudesu.best/wp-content/uploads/2026/01/Wandance-Sub-Indo.jpg",
        "animeId": "wandnce-sub-indo",
        "href": "/anime/anime/wandnce-sub-indo",
        "otakudesuUrl": "https://otakudesu.best/anime/wandnce-sub-indo/"
      },
      {
        "title": "Nageki no Bourei wa Intai shitai Season 2",
        "poster": "https://otakudesu.best/wp-content/uploads/2026/01/Nageki-no-Bourei-wa-Intai-shitai-Season-2-Sub-Indo.jpg",
        "animeId": "ageki-bourei-intai-shitai-s2-sub-indo",
        "href": "/anime/anime/ageki-bourei-intai-shitai-s2-sub-indo",
        "otakudesuUrl": "https://otakudesu.best/anime/ageki-bourei-intai-shitai-s2-sub-indo/"
      },
      {
        "title": "Chichi wa Eiyuu, Haha wa Seirei, Musume no Watashi wa Tenseisha.",
        "poster": "https://otakudesu.best/wp-content/uploads/2026/01/Chichi-wa-Eiyuu-Haha-wa-Seirei-Musume-no-Watashi-wa-Tenseisha.-Sub-Indo.jpg",
        "animeId": "chichi-haha-seirei-sub-indo",
        "href": "/anime/anime/chichi-haha-seirei-sub-indo",
        "otakudesuUrl": "https://otakudesu.best/anime/chichi-haha-seirei-sub-indo/"
      },
      {
        "title": "Mugen Gacha",
        "poster": "https://otakudesu.best/wp-content/uploads/2026/01/Mugen-Gacha-Sub-Indo.jpg",
        "animeId": "mugen-gacha-sub-indo",
        "href": "/anime/anime/mugen-gacha-sub-indo",
        "otakudesuUrl": "https://otakudesu.best/anime/mugen-gacha-sub-indo/"
      }
    ]
  },
  "pagination": null
}