{
  "status": "success",
  "creator": "Sanka Vollerei",
  "statusCode": 200,
  "statusMessage": "OK",
  "message": "",
  "ok": true,
  "data": {
    "animeList": [
      {
        "title": "Sword Art Online Alternative: Gun Gale Online S2 (Episode 1 – 12) Subtitle Indonesia",
        "poster": "https://otakudesu.best/wp-content/uploads/2025/02/Sword-Art-Online-Alternative-Gun-Gale-Online-Season-2-Sub-Indo.jpg",
        "status": "Completed",
        "score": "7.15",
        "animeId": "sao-alternative-online-s2-sub-indo",
        "href": "/anime/anime/sao-alternative-online-s2-sub-indo",
        "otakudesuUrl": "https://otakudesu.best/anime/sao-alternative-online-s2-sub-indo/",
        "genreList": [
          {
            "title": "Action",
            "genreId": "action",
            "href": "/anime/genre/action",
            "otakudesuUrl": "https://otakudesu.best/genres/action/"
          },
          {
            "title": "Military",
            "genreId": "military",
            "href": "/anime/genre/military",
            "otakudesuUrl": "https://otakudesu.best/genres/military/"
          },
          {
            "title": "Video Game",
            "genreId": "video-game",
            "href": "/anime/genre/video-game",
            "otakudesuUrl": "https://otakudesu.best/genres/video-game/"
          }
        ]
      },
      {
        "title": "Sword Art Online: Alicization – War of Underworld (Episode 1 – 23) Subtitle Indonesia",
        "poster": "https://otakudesu.best/wp-content/uploads/2020/02/Sword-Art-Online-Alicization-War-of-Underworld-Sub-Indo.jpg",
        "status": "Completed",
        "score": "7.67",
        "animeId": "sword-online-alicization-part-2-sub-indo",
        "href": "/anime/anime/sword-online-alicization-part-2-sub-indo",
        "otakudesuUrl": "https://otakudesu.best/anime/sword-online-alicization-part-2-sub-indo/",
        "genreList": [
          {
            "title": "Action",
            "genreId": "action",
            "href": "/anime/genre/action",
            "otakudesuUrl": "https://otakudesu.best/genres/action/"
          },
          {
            "title": "Adventure",
            "genreId": "adventure",
            "href": "/anime/genre/adventure",
            "otakudesuUrl": "https://otakudesu.best/genres/adventure/"
          },
          {
            "title": "Fantasy",
            "genreId": "fantasy",
            "href": "/anime/genre/fantasy",
            "otakudesuUrl": "https://otakudesu.best/genres/fantasy/"
          },
          {
            "title": "Game",
            "genreId": "game",
            "href": "/anime/genre/game",
            "otakudesuUrl": "https://otakudesu.best/genres/game/"
          },
          {
            "title": "Romance",
            "genreId": "romance",
            "href": "/anime/genre/romance",
            "otakudesuUrl": "https://otakudesu.best/genres/romance/"
          }
        ]
      },
      {
        "title": "Sword Art Online: Alicization (Episode 1 – 24) Subtitle Indonesia",
        "poster": "https://otakudesu.best/wp-content/uploads/2018/09/Sword-Art-Online-Alicization-Season-3-Sub-Indo.jpg",
        "status": "Completed",
        "score": "7.86",
        "animeId": "sword-online-alicization-subtitle-indonesia",
        "href": "/anime/anime/sword-online-alicization-subtitle-indonesia",
        "otakudesuUrl": "https://otakudesu.best/anime/sword-online-alicization-subtitle-indonesia/",
        "genreList": [
          {
            "title": "Action",
            "genreId": "action",
            "href": "/anime/genre/action",
            "otakudesuUrl": "https://otakudesu.best/genres/action/"
          },
          {
            "title": "Adventure",
            "genreId": "adventure",
            "href": "/anime/genre/adventure",
            "otakudesuUrl": "https://otakudesu.best/genres/adventure/"
          },
          {
            "title": "Fantasy",
            "genreId": "fantasy",
            "href": "/anime/genre/fantasy",
            "otakudesuUrl": "https://otakudesu.best/genres/fantasy/"
          },
          {
            "title": "Game",
            "genreId": "game",
            "href": "/anime/genre/game",
            "otakudesuUrl": "https://otakudesu.best/genres/game/"
          },
          {
            "title": "Romance",
            "genreId": "romance",
            "href": "/anime/genre/romance",
            "otakudesuUrl": "https://otakudesu.best/genres/romance/"
          }
        ]
      },
      {
        "title": "Sword Art Online Season 2 (Episode 1 – 24) Subtitle Indonesia",
        "poster": "https://otakudesu.best/wp-content/uploads/2019/03/Sword-Art-Online-Season-2-Sub-Indo.jpg",
        "status": "Completed",
        "score": "7.24",
        "animeId": "sword-online-season-2-subtitle-indonesia",
        "href": "/anime/anime/sword-online-season-2-subtitle-indonesia",
        "otakudesuUrl": "https://otakudesu.best/anime/sword-online-season-2-subtitle-indonesia/",
        "genreList": [
          {
            "title": "Action",
            "genreId": "action",
            "href": "/anime/genre/action",
            "otakudesuUrl": "https://otakudesu.best/genres/action/"
          },
          {
            "title": "Adventure",
            "genreId": "adventure",
            "href": "/anime/genre/adventure",
            "otakudesuUrl": "https://otakudesu.best/genres/adventure/"
          },
          {
            "title": "Fantasy",
            "genreId": "fantasy",
            "href": "/anime/genre/fantasy",
            "otakudesuUrl": "https://otakudesu.best/genres/fantasy/"
          },
          {
            "title": "Game",
            "genreId": "game",
            "href": "/anime/genre/game",
            "otakudesuUrl": "https://otakudesu.best/genres/game/"
          },
          {
            "title": "Romance",
            "genreId": "romance",
            "href": "/anime/genre/romance",
            "otakudesuUrl": "https://otakudesu.best/genres/romance/"
          }
        ]
      },
      {
        "title": "Sword Art Online (Episode 1 – 25) Subtitle Indonesia",
        "poster": "https://otakudesu.best/wp-content/uploads/2017/11/Sword-Art-Online-Sub-Indo.jpg",
        "status": "Completed",
        "score": "7.76",
        "animeId": "sawo-sub-indo",
        "href": "/anime/anime/sawo-sub-indo",
        "otakudesuUrl": "https://otakudesu.best/anime/sawo-sub-indo/",
        "genreList": [
          {
            "title": "Action",
            "genreId": "action",
            "href": "/anime/genre/action",
            "otakudesuUrl": "https://otakudesu.best/genres/action/"
          },
          {
            "title": "Adventure",
            "genreId": "adventure",
            "href": "/anime/genre/adventure",
            "otakudesuUrl": "https://otakudesu.best/genres/adventure/"
          },
          {
            "title": "Fantasy",
            "genreId": "fantasy",
            "href": "/anime/genre/fantasy",
            "otakudesuUrl": "https://otakudesu.best/genres/fantasy/"
          },
          {
            "title": "Game",
            "genreId": "game",
            "href": "/anime/genre/game",
            "otakudesuUrl": "https://otakudesu.best/genres/game/"
          },
          {
            "title": "Romance",
            "genreId": "romance",
            "href": "/anime/genre/romance",
            "otakudesuUrl": "https://otakudesu.best/genres/romance/"
          }
        ]
      },
      {
        "title": "Sword Art Online Movie: Ordinal Scale Subtitle Indonesia",
        "poster": "https://otakudesu.best/wp-content/uploads/2017/09/Sword-Art-Online-Movie-Ordinal-Scale-Subtitle-Indonesia.jpg",
        "status": "Completed",
        "score": "8.21",
        "animeId": "sawo-movie-subtitle-indonesia",
        "href": "/anime/anime/sawo-movie-subtitle-indonesia",
        "otakudesuUrl": "https://otakudesu.best/anime/sawo-movie-subtitle-indonesia/",
        "genreList": [
          {
            "title": "Action",
            "genreId": "action",
            "href": "/anime/genre/action",
            "otakudesuUrl": "https://otakudesu.best/genres/action/"
          },
          {
            "title": "Adventure",
            "genreId": "adventure",
            "href": "/anime/genre/adventure",
            "otakudesuUrl": "https://otakudesu.best/genres/adventure/"
          },
          {
            "title": "Fantasy",
            "genreId": "fantasy",
            "href": "/anime/genre/fantasy",
            "otakudesuUrl": "https://otakudesu.best/genres/fantasy/"
          },
          {
            "title": "Game",
            "genreId": "game",
            "href": "/anime/genre/game",
            "otakudesuUrl": "https://otakudesu.best/genres/game/"
          },
          {
            "title": "Romance",
            "genreId": "romance",
            "href": "/anime/genre/romance",
            "otakudesuUrl": "https://otakudesu.best/genres/romance/"
          }
        ]
      },
      {
        "title": "Sword Art Online Alternative: Gun Gale Online (Episode 1 – 12) Subtitle Indonesia",
        "poster": "https://otakudesu.best/wp-content/uploads/2018/04/SAO-Gun-Gale-Online-Sub-Indo.jpg",
        "status": "Completed",
        "score": "7.41",
        "animeId": "sword-online-alternative-gun-gale-online-subtitle-indonesia",
        "href": "/anime/anime/sword-online-alternative-gun-gale-online-subtitle-indonesia",
        "otakudesuUrl": "https://otakudesu.best/anime/sword-online-alternative-gun-gale-online-subtitle-indonesia/",
        "genreList": [
          {
            "title": "Action",
            "genreId": "action",
            "href": "/anime/genre/action",
            "otakudesuUrl": "https://otakudesu.best/genres/action/"
          },
          {
            "title": "Fantasy",
            "genreId": "fantasy",
            "href": "/anime/genre/fantasy",
            "otakudesuUrl": "https://otakudesu.best/genres/fantasy/"
          },
          {
            "title": "Game",
            "genreId": "game",
            "href": "/anime/genre/game",
            "otakudesuUrl": "https://otakudesu.best/genres/game/"
          },
          {
            "title": "Military",
            "genreId": "military",
            "href": "/anime/genre/military",
            "otakudesuUrl": "https://otakudesu.best/genres/military/"
          },
          {
            "title": "Sci-Fi",
            "genreId": "sci-fi",
            "href": "/anime/genre/sci-fi",
            "otakudesuUrl": "https://otakudesu.best/genres/sci-fi/"
          }
        ]
      },
      {
        "title": "Dungeon ni Deai wo Motomeru no wa Machigatteiru Darou ka Gaiden: Sword Oratoria (Episode 1 – 12) Subtitle Indonesia",
        "poster": "https://otakudesu.best/wp-content/uploads/2017/05/Danmachi-Gaiden-Sword-Oratoria-Sub-Indo.jpg",
        "status": "Completed",
        "score": "7.10",
        "animeId": "dnmachi-oratoria-subtitle-indonesia",
        "href": "/anime/anime/dnmachi-oratoria-subtitle-indonesia",
        "otakudesuUrl": "https://otakudesu.best/anime/dnmachi-oratoria-subtitle-indonesia/",
        "genreList": [
          {
            "title": "Action",
            "genreId": "action",
            "href": "/anime/genre/action",
            "otakudesuUrl": "https://otakudesu.best/genres/action/"
          },
          {
            "title": "Adventure",
            "genreId": "adventure",
            "href": "/anime/genre/adventure",
            "otakudesuUrl": "https://otakudesu.best/genres/adventure/"
          },
          {
            "title": "Fantasy",
            "genreId": "fantasy",
            "href": "/anime/genre/fantasy",
            "otakudesuUrl": "https://otakudesu.best/genres/fantasy/"
          }
        ]
      },
      {
        "title": "Towa no Yuugure (Episode 1 – 12) Subtitle Indonesia",
        "poster": "https://otakudesu.best/wp-content/uploads/2026/02/Towa-no-Yuugure-Sub-Indo.jpg",
        "status": "Completed",
        "score": "6.52",
        "animeId": "towa-yuugure-sub-indo",
        "href": "/anime/anime/towa-yuugure-sub-indo",
        "otakudesuUrl": "https://otakudesu.best/anime/towa-yuugure-sub-indo/",
        "genreList": [
          {
            "title": "Romance",
            "genreId": "romance",
            "href": "/anime/genre/romance",
            "otakudesuUrl": "https://otakudesu.best/genres/romance/"
          },
          {
            "title": "Sci-Fi",
            "genreId": "sci-fi",
            "href": "/anime/genre/sci-fi",
            "otakudesuUrl": "https://otakudesu.best/genres/sci-fi/"
          }
        ]
      },
      {
        "title": "Chanto Suenai Kyuuketsuki-chan Subtitle Indonesia",
        "poster": "https://otakudesu.best/wp-content/uploads/2025/10/Chanto-Suenai-Kyuuketsuki-chan.jpg",
        "status": "Ongoing",
        "score": "",
        "animeId": "chanto-suenai-kyuuketsuki-sub-indo",
        "href": "/anime/anime/chanto-suenai-kyuuketsuki-sub-indo",
        "otakudesuUrl": "https://otakudesu.best/anime/chanto-suenai-kyuuketsuki-sub-indo/",
        "genreList": [
          {
            "title": "Comedy",
            "genreId": "comedy",
            "href": "/anime/genre/comedy",
            "otakudesuUrl": "https://otakudesu.best/genres/comedy/"
          },
          {
            "title": "School",
            "genreId": "school",
            "href": "/anime/genre/school",
            "otakudesuUrl": "https://otakudesu.best/genres/school/"
          },
          {
            "title": "Shounen",
            "genreId": "shounen",
            "href": "/anime/genre/shounen",
            "otakudesuUrl": "https://otakudesu.best/genres/shounen/"
          },
          {
            "title": "Supernatural",
            "genreId": "supernatural",
            "href": "/anime/genre/supernatural",
            "otakudesuUrl": "https://otakudesu.best/genres/supernatural/"
          },
          {
            "title": "Vampire",
            "genreId": "vampire",
            "href": "/anime/genre/vampire",
            "otakudesuUrl": "https://otakudesu.best/genres/vampire/"
          }
        ]
      },
      {
        "title": "Tamon-kun Ima Docchi!? Subtitle Indonesia",
        "poster": "https://otakudesu.best/wp-content/uploads/2026/01/Tamon-kun-Ima-Docch.jpg",
        "status": "Ongoing",
        "score": "",
        "animeId": "tamon-docchi-sub-indo",
        "href": "/anime/anime/tamon-docchi-sub-indo",
        "otakudesuUrl": "https://otakudesu.best/anime/tamon-docchi-sub-indo/",
        "genreList": [
          {
            "title": "Comedy",
            "genreId": "comedy",
            "href": "/anime/genre/comedy",
            "otakudesuUrl": "https://otakudesu.best/genres/comedy/"
          },
          {
            "title": "Romance",
            "genreId": "romance",
            "href": "/anime/genre/romance",
            "otakudesuUrl": "https://otakudesu.best/genres/romance/"
          },
          {
            "title": "Shoujo",
            "genreId": "shoujo",
            "href": "/anime/genre/shoujo",
            "otakudesuUrl": "https://otakudesu.best/genres/shoujo/"
          }
        ]
      },
      {
        "title": "Yano-kun no Futsuu no Hibi Subtitle Indonesia",
        "poster": "https://otakudesu.best/wp-content/uploads/2025/10/Yano-kun-no-Futsuu-no-Hibi.jpg",
        "status": "Ongoing",
        "score": "7.01",
        "animeId": "yano-futsuu-hibi-sub-indo",
        "href": "/anime/anime/yano-futsuu-hibi-sub-indo",
        "otakudesuUrl": "https://otakudesu.best/anime/yano-futsuu-hibi-sub-indo/",
        "genreList": [
          {
            "title": "Comedy",
            "genreId": "comedy",
            "href": "/anime/genre/comedy",
            "otakudesuUrl": "https://otakudesu.best/genres/comedy/"
          },
          {
            "title": "Romance",
            "genreId": "romance",
            "href": "/anime/genre/romance",
            "otakudesuUrl": "https://otakudesu.best/genres/romance/"
          },
          {
            "title": "School",
            "genreId": "school",
            "href": "/anime/genre/school",
            "otakudesuUrl": "https://otakudesu.best/genres/school/"
          }
        ]
      },
      {
        "title": "Chitose-kun wa Ramune Bin no Naka Subtitle Indonesia",
        "poster": "https://otakudesu.best/wp-content/uploads/2025/10/Chitose-kun-wa-Ramune-Bin-no-Naka-Subtitle-Indonesia.jpg",
        "status": "Ongoing",
        "score": "",
        "animeId": "chitose-ramune-bin-naka-sub-indo",
        "href": "/anime/anime/chitose-ramune-bin-naka-sub-indo",
        "otakudesuUrl": "https://otakudesu.best/anime/chitose-ramune-bin-naka-sub-indo/",
        "genreList": [
          {
            "title": "Comedy",
            "genreId": "comedy",
            "href": "/anime/genre/comedy",
            "otakudesuUrl": "https://otakudesu.best/genres/comedy/"
          },
          {
            "title": "Harem",
            "genreId": "harem",
            "href": "/anime/genre/harem",
            "otakudesuUrl": "https://otakudesu.best/genres/harem/"
          },
          {
            "title": "Romance",
            "genreId": "romance",
            "href": "/anime/genre/romance",
            "otakudesuUrl": "https://otakudesu.best/genres/romance/"
          },
          {
            "title": "School",
            "genreId": "school",
            "href": "/anime/genre/school",
            "otakudesuUrl": "https://otakudesu.best/genres/school/"
          }
        ]
      },
      {
        "title": "Watari-kun no xx ga Houkai Sunzen Subtitle Indonesia",
        "poster": "https://otakudesu.best/wp-content/uploads/2025/07/Watari-kun-no-xx-ga-Houkai-Sunzen.jpg",
        "status": "Ongoing",
        "score": "",
        "animeId": "watari-xx-ga-houkai-sunzen-sub-indo",
        "href": "/anime/anime/watari-xx-ga-houkai-sunzen-sub-indo",
        "otakudesuUrl": "https://otakudesu.best/anime/watari-xx-ga-houkai-sunzen-sub-indo/",
        "genreList": [
          {
            "title": "Comedy",
            "genreId": "comedy",
            "href": "/anime/genre/comedy",
            "otakudesuUrl": "https://otakudesu.best/genres/comedy/"
          },
          {
            "title": "Drama",
            "genreId": "drama",
            "href": "/anime/genre/drama",
            "otakudesuUrl": "https://otakudesu.best/genres/drama/"
          },
          {
            "title": "Romance",
            "genreId": "romance",
            "href": "/anime/genre/romance",
            "otakudesuUrl": "https://otakudesu.best/genres/romance/"
          },
          {
            "title": "School",
            "genreId": "school",
            "href": "/anime/genre/school",
            "otakudesuUrl": "https://otakudesu.best/genres/school/"
          },
          {
            "title": "Seinen",
            "genreId": "seinen",
            "href": "/anime/genre/seinen",
            "otakudesuUrl": "https://otakudesu.best/genres/seinen/"
          }
        ]
      },
      {
        "title": "Gintama 3-nen Z-gumi Ginpachi-sensei Subtitle Indonesia",
        "poster": "https://otakudesu.best/wp-content/uploads/2025/10/3-nen-Z-gumi-Ginpachi-sensei.jpg",
        "status": "Ongoing",
        "score": "8.22",
        "animeId": "3z-gumi-ginpachi-sensei-sub-indo",
        "href": "/anime/anime/3z-gumi-ginpachi-sensei-sub-indo",
        "otakudesuUrl": "https://otakudesu.best/anime/3z-gumi-ginpachi-sensei-sub-indo/",
        "genreList": [
          {
            "title": "Comedy",
            "genreId": "comedy",
            "href": "/anime/genre/comedy",
            "otakudesuUrl": "https://otakudesu.best/genres/comedy/"
          },
          {
            "title": "Parody",
            "genreId": "parody",
            "href": "/anime/genre/parody",
            "otakudesuUrl": "https://otakudesu.best/genres/parody/"
          },
          {
            "title": "School",
            "genreId": "school",
            "href": "/anime/genre/school",
            "otakudesuUrl": "https://otakudesu.best/genres/school/"
          },
          {
            "title": "Shounen",
            "genreId": "shounen",
            "href": "/anime/genre/shounen",
            "otakudesuUrl": "https://otakudesu.best/genres/shounen/"
          }
        ]
      }
    ]
  },
  "pagination": null
}