{
  "status": "success",
  "creator": "Sanka Vollerei",
  "statusCode": 200,
  "statusMessage": "OK",
  "message": "",
  "ok": true,
  "data": {
    "title": "Himesama “Goumon” no Jikan desu Season 2",
    "poster": "https://otakudesu.best/wp-content/uploads/2026/01/153326.jpg",
    "japanese": "姫様“拷問”の時間です 第2期",
    "score": "7.34",
    "producers": "Magic Capsule",
    "type": "TV",
    "status": "Ongoing",
    "episodes": null,
    "duration": "23 min.",
    "aired": "Jan 12, 2026",
    "studios": "PINE JAM",
    "batch": null,
    "synopsis": {
      "paragraphs": [],
      "connections": []
    },
    "genreList": [
      {
        "title": "Comedy",
        "genreId": "comedy",
        "href": "/anime/genre/comedy",
        "otakudesuUrl": "https://otakudesu.best/genres/comedy/"
      },
      {
        "title": "Fantasy",
        "genreId": "fantasy",
        "href": "/anime/genre/fantasy",
        "otakudesuUrl": "https://otakudesu.best/genres/fantasy/"
      },
      {
        "title": "Gourmet",
        "genreId": "gourmet",
        "href": "/anime/genre/gourmet",
        "otakudesuUrl": "https://otakudesu.best/genres/gourmet/"
      },
      {
        "title": "Shounen",
        "genreId": "shounen",
        "href": "/anime/genre/shounen",
        "otakudesuUrl": "https://otakudesu.best/genres/shounen/"
      }
    ],
    "episodeList": [
      {
        "title": "Himesama “Goumon” no Jikan desu Season 2 Episode 6 Subtitle Indonesia",
        "eps": 6,
        "date": "17 Februari,2026",
        "episodeId": "hgnjd-s2-episode-6-sub-indo",
        "href": "/anime/episode/hgnjd-s2-episode-6-sub-indo",
        "otakudesuUrl": "https://otakudesu.best/episode/hgnjd-s2-episode-6-sub-indo/"
      },
      {
        "title": "Himesama “Goumon” no Jikan desu Season 2 Episode 5 Subtitle Indonesia",
        "eps": 5,
        "date": "10 Februari,2026",
        "episodeId": "hgnjd-s2-episode-5-sub-indo",
        "href": "/anime/episode/hgnjd-s2-episode-5-sub-indo",
        "otakudesuUrl": "https://otakudesu.best/episode/hgnjd-s2-episode-5-sub-indo/"
      },
      {
        "title": "Himesama “Goumon” no Jikan desu Season 2 Episode 4 Subtitle Indonesia",
        "eps": 4,
        "date": "3 Februari,2026",
        "episodeId": "hgnjd-s2-episode-4-sub-indo",
        "href": "/anime/episode/hgnjd-s2-episode-4-sub-indo",
        "otakudesuUrl": "https://otakudesu.best/episode/hgnjd-s2-episode-4-sub-indo/"
      },
      {
        "title": "Himesama “Goumon” no Jikan desu Season 2 Episode 3 Subtitle Indonesia",
        "eps": 3,
        "date": "27 Januari,2026",
        "episodeId": "hgnjd-s2-episode-3-sub-indo",
        "href": "/anime/episode/hgnjd-s2-episode-3-sub-indo",
        "otakudesuUrl": "https://otakudesu.best/episode/hgnjd-s2-episode-3-sub-indo/"
      },
      {
        "title": "Himesama “Goumon” no Jikan desu Season 2 Episode 2 Subtitle Indonesia",
        "eps": 2,
        "date": "20 Januari,2026",
        "episodeId": "hgnjd-s2-episode-2-sub-indo",
        "href": "/anime/episode/hgnjd-s2-episode-2-sub-indo",
        "otakudesuUrl": "https://otakudesu.best/episode/hgnjd-s2-episode-2-sub-indo/"
      },
      {
        "title": "Himesama “Goumon” no Jikan desu Season 2 Episode 1 Subtitle Indonesia",
        "eps": 1,
        "date": "13 Januari,2026",
        "episodeId": "hgnjd-s2-episode-1-sub-indo",
        "href": "/anime/episode/hgnjd-s2-episode-1-sub-indo",
        "otakudesuUrl": "https://otakudesu.best/episode/hgnjd-s2-episode-1-sub-indo/"
      }
    ],
    "recommendedAnimeList": [
      {
        "title": "Towa no Yuugure",
        "poster": "https://otakudesu.best/wp-content/uploads/2026/02/Towa-no-Yuugure-Sub-Indo.jpg",
        "animeId": "towa-yuugure-sub-indo",
        "href": "/anime/anime/towa-yuugure-sub-indo",
        "otakudesuUrl": "https://otakudesu.best/anime/towa-yuugure-sub-indo/"
      },
      {
        "title": "Wandance",
        "poster": "https://otakudesu.best/wp-content/uploads/2026/01/Wandance-Sub-Indo.jpg",
        "animeId": "wandnce-sub-indo",
        "href": "/anime/anime/wandnce-sub-indo",
        "otakudesuUrl": "https://otakudesu.best/anime/wandnce-sub-indo/"
      },
      {
        "title": "Nageki no Bourei wa Intai shitai Season 2",
        "poster": "https://otakudesu.best/wp-content/uploads/2026/01/Nageki-no-Bourei-wa-Intai-shitai-Season-2-Sub-Indo.jpg",
        "animeId": "ageki-bourei-intai-shitai-s2-sub-indo",
        "href": "/anime/anime/ageki-bourei-intai-shitai-s2-sub-indo",
        "otakudesuUrl": "https://otakudesu.best/anime/ageki-bourei-intai-shitai-s2-sub-indo/"
      },
      {
        "title": "Chichi wa Eiyuu, Haha wa Seirei, Musume no Watashi wa Tenseisha.",
        "poster": "https://otakudesu.best/wp-content/uploads/2026/01/Chichi-wa-Eiyuu-Haha-wa-Seirei-Musume-no-Watashi-wa-Tenseisha.-Sub-Indo.jpg",
        "animeId": "chichi-haha-seirei-sub-indo",
        "href": "/anime/anime/chichi-haha-seirei-sub-indo",
        "otakudesuUrl": "https://otakudesu.best/anime/chichi-haha-seirei-sub-indo/"
      },
      {
        "title": "Mugen Gacha",
        "poster": "https://otakudesu.best/wp-content/uploads/2026/01/Mugen-Gacha-Sub-Indo.jpg",
        "animeId": "mugen-gacha-sub-indo",
        "href": "/anime/anime/mugen-gacha-sub-indo",
        "otakudesuUrl": "https://otakudesu.best/anime/mugen-gacha-sub-indo/"
      }
    ]
  },
  "pagination": null
}