{
  "status": "success",
  "creator": "Sanka Vollerei",
  "statusCode": 200,
  "statusMessage": "OK",
  "message": "",
  "ok": true,
  "data": {
    "title": "Shingeki no Kyojin Season 4",
    "poster": "https://otakudesu.best/wp-content/uploads/2020/12/Shingeki-no-Kyojin-Season-4-Sub-Indo.jpg",
    "japanese": "進撃の巨人 The Final Season",
    "score": "8.81",
    "producers": "Pony Canyon, Techno Sound",
    "type": "TV",
    "status": "Completed",
    "episodes": 16,
    "duration": "23 Menit",
    "aired": "Des 07, 2020",
    "studios": "MAPPA",
    "batch": {
      "title": "Shingeki no Kyojin: The Final Season [BATCH] Subtitle Indonesia",
      "batchId": "snk-s4-batch-sub-indo",
      "href": "/anime/batch/snk-s4-batch-sub-indo",
      "otakudesuUrl": "https://otakudesu.best/batch/snk-s4-batch-sub-indo/"
    },
    "synopsis": {
      "paragraphs": [
        "Season ke-4 dari anime Shingeki no Kyojin dan kemungkinan akan menjadi series terakhir dari anime Shingeki no Kyojin."
      ],
      "connections": [
        {
          "title": "Shingeki no Kyojin (Attack on Titan S1)",
          "animeId": "shingekyo-ova-subtitle-indonesia",
          "href": "/anime/anime/shingekyo-ova-subtitle-indonesia",
          "otakudesuUrl": "https://otakudesu.best/anime/shingekyo-ova-subtitle-indonesia/"
        },
        {
          "title": "Shingeki no Kyojin Season 2 (Attack on Titan S2)",
          "animeId": "shingekyo-ova-subtitle-indonesia",
          "href": "/anime/anime/shingekyo-ova-subtitle-indonesia",
          "otakudesuUrl": "https://otakudesu.best/anime/shingekyo-ova-subtitle-indonesia/"
        },
        {
          "title": "Shingeki no Kyojin Season 3 (Attack on Titan S3)",
          "animeId": "shingekyo-ova-subtitle-indonesia",
          "href": "/anime/anime/shingekyo-ova-subtitle-indonesia",
          "otakudesuUrl": "https://otakudesu.best/anime/shingekyo-ova-subtitle-indonesia/"
        },
        {
          "title": "Shingeki no Kyojin: The Final Season Part 2 (Attack on Titan S4)",
          "animeId": "shingekyo-ova-subtitle-indonesia",
          "href": "/anime/anime/shingekyo-ova-subtitle-indonesia",
          "otakudesuUrl": "https://otakudesu.best/anime/shingekyo-ova-subtitle-indonesia/"
        },
        {
          "title": "Shingeki no Kyojin: The Final Season Part 3 (Attack on Titan S4)",
          "animeId": "shingekyo-ova-subtitle-indonesia",
          "href": "/anime/anime/shingekyo-ova-subtitle-indonesia",
          "otakudesuUrl": "https://otakudesu.best/anime/shingekyo-ova-subtitle-indonesia/"
        },
        {
          "title": "Shingeki no Kyojin OVA (Attack on Titan OVA)",
          "animeId": "shingekyo-ova-subtitle-indonesia",
          "href": "/anime/anime/shingekyo-ova-subtitle-indonesia",
          "otakudesuUrl": "https://otakudesu.best/anime/shingekyo-ova-subtitle-indonesia/"
        }
      ]
    },
    "genreList": [
      {
        "title": "Action",
        "genreId": "action",
        "href": "/anime/genre/action",
        "otakudesuUrl": "https://otakudesu.best/genres/action/"
      },
      {
        "title": "Drama",
        "genreId": "drama",
        "href": "/anime/genre/drama",
        "otakudesuUrl": "https://otakudesu.best/genres/drama/"
      },
      {
        "title": "Gore",
        "genreId": "gore",
        "href": "/anime/genre/gore",
        "otakudesuUrl": "https://otakudesu.best/genres/gore/"
      },
      {
        "title": "Military",
        "genreId": "military",
        "href": "/anime/genre/military",
        "otakudesuUrl": "https://otakudesu.best/genres/military/"
      },
      {
        "title": "Shounen",
        "genreId": "shounen",
        "href": "/anime/genre/shounen",
        "otakudesuUrl": "https://otakudesu.best/genres/shounen/"
      },
      {
        "title": "Survival",
        "genreId": "survival",
        "href": "/anime/genre/survival",
        "otakudesuUrl": "https://otakudesu.best/genres/survival/"
      }
    ],
    "episodeList": [
      {
        "title": "Shingeki no Kyojin: The Final Season Episode 16 (End) Subtitle Indonesia",
        "eps": 16,
        "date": "7 Maret,2023",
        "episodeId": "snk-s4-episode-16-sub-indo",
        "href": "/anime/episode/snk-s4-episode-16-sub-indo",
        "otakudesuUrl": "https://otakudesu.best/episode/snk-s4-episode-16-sub-indo/"
      },
      {
        "title": "Shingeki no Kyojin: The Final Season Episode 15 Subtitle Indonesia",
        "eps": 15,
        "date": "7 Maret,2023",
        "episodeId": "snk-s4-episode-15-sub-indo",
        "href": "/anime/episode/snk-s4-episode-15-sub-indo",
        "otakudesuUrl": "https://otakudesu.best/episode/snk-s4-episode-15-sub-indo/"
      },
      {
        "title": "Shingeki no Kyojin: The Final Season Episode 14 Subtitle Indonesia",
        "eps": 14,
        "date": "7 Maret,2023",
        "episodeId": "snk-s4-episode-14-sub-indo",
        "href": "/anime/episode/snk-s4-episode-14-sub-indo",
        "otakudesuUrl": "https://otakudesu.best/episode/snk-s4-episode-14-sub-indo/"
      },
      {
        "title": "Shingeki no Kyojin: The Final Season Episode 13 Subtitle Indonesia",
        "eps": 13,
        "date": "7 Maret,2023",
        "episodeId": "snk-s4-episode-13-sub-indo",
        "href": "/anime/episode/snk-s4-episode-13-sub-indo",
        "otakudesuUrl": "https://otakudesu.best/episode/snk-s4-episode-13-sub-indo/"
      },
      {
        "title": "Shingeki no Kyojin: The Final Season Episode 12 Subtitle Indonesia",
        "eps": 12,
        "date": "7 Maret,2023",
        "episodeId": "snk-s4-episode-12-sub-indo",
        "href": "/anime/episode/snk-s4-episode-12-sub-indo",
        "otakudesuUrl": "https://otakudesu.best/episode/snk-s4-episode-12-sub-indo/"
      },
      {
        "title": "Shingeki no Kyojin: The Final Season Episode 11 Subtitle Indonesia",
        "eps": 11,
        "date": "7 Maret,2023",
        "episodeId": "snk-s4-episode-11-sub-indo",
        "href": "/anime/episode/snk-s4-episode-11-sub-indo",
        "otakudesuUrl": "https://otakudesu.best/episode/snk-s4-episode-11-sub-indo/"
      },
      {
        "title": "Shingeki no Kyojin: The Final Season Episode 10 Subtitle Indonesia",
        "eps": 10,
        "date": "7 Maret,2023",
        "episodeId": "snk-s4-episode-10-sub-indo",
        "href": "/anime/episode/snk-s4-episode-10-sub-indo",
        "otakudesuUrl": "https://otakudesu.best/episode/snk-s4-episode-10-sub-indo/"
      },
      {
        "title": "Shingeki no Kyojin: The Final Season Episode 9 Subtitle Indonesia",
        "eps": 9,
        "date": "7 Maret,2023",
        "episodeId": "snk-s4-episode-9-sub-indo",
        "href": "/anime/episode/snk-s4-episode-9-sub-indo",
        "otakudesuUrl": "https://otakudesu.best/episode/snk-s4-episode-9-sub-indo/"
      },
      {
        "title": "Shingeki no Kyojin: The Final Season Episode 8 Subtitle Indonesia",
        "eps": 8,
        "date": "7 Maret,2023",
        "episodeId": "snk-s4-episode-8-sub-indo",
        "href": "/anime/episode/snk-s4-episode-8-sub-indo",
        "otakudesuUrl": "https://otakudesu.best/episode/snk-s4-episode-8-sub-indo/"
      },
      {
        "title": "Shingeki no Kyojin: The Final Season Episode 7 Subtitle Indonesia",
        "eps": 7,
        "date": "7 Maret,2023",
        "episodeId": "snk-s4-episode-7-sub-indo",
        "href": "/anime/episode/snk-s4-episode-7-sub-indo",
        "otakudesuUrl": "https://otakudesu.best/episode/snk-s4-episode-7-sub-indo/"
      },
      {
        "title": "Shingeki no Kyojin: The Final Season Episode 6 Subtitle Indonesia",
        "eps": 6,
        "date": "7 Maret,2023",
        "episodeId": "snk-s4-episode-6-sub-indo",
        "href": "/anime/episode/snk-s4-episode-6-sub-indo",
        "otakudesuUrl": "https://otakudesu.best/episode/snk-s4-episode-6-sub-indo/"
      },
      {
        "title": "Shingeki no Kyojin: The Final Season Episode 5 Subtitle Indonesia",
        "eps": 5,
        "date": "7 Maret,2023",
        "episodeId": "snk-s4-episode-5-sub-indo",
        "href": "/anime/episode/snk-s4-episode-5-sub-indo",
        "otakudesuUrl": "https://otakudesu.best/episode/snk-s4-episode-5-sub-indo/"
      },
      {
        "title": "Shingeki no Kyojin: The Final Season Episode 4 Subtitle Indonesia",
        "eps": 4,
        "date": "7 Maret,2023",
        "episodeId": "snk-s4-episode-4-sub-indo",
        "href": "/anime/episode/snk-s4-episode-4-sub-indo",
        "otakudesuUrl": "https://otakudesu.best/episode/snk-s4-episode-4-sub-indo/"
      },
      {
        "title": "Shingeki no Kyojin: The Final Season Episode 3 Subtitle Indonesia",
        "eps": 3,
        "date": "7 Maret,2023",
        "episodeId": "snk-s4-episode-3-sub-indo",
        "href": "/anime/episode/snk-s4-episode-3-sub-indo",
        "otakudesuUrl": "https://otakudesu.best/episode/snk-s4-episode-3-sub-indo/"
      },
      {
        "title": "Shingeki no Kyojin: The Final Season Episode 2 Subtitle Indonesia",
        "eps": 2,
        "date": "7 Maret,2023",
        "episodeId": "snk-s4-episode-2-sub-indo",
        "href": "/anime/episode/snk-s4-episode-2-sub-indo",
        "otakudesuUrl": "https://otakudesu.best/episode/snk-s4-episode-2-sub-indo/"
      },
      {
        "title": "Shingeki no Kyojin: The Final Season Episode 1 Subtitle Indonesia",
        "eps": 1,
        "date": "7 Maret,2023",
        "episodeId": "snk-s4-episode-1-sub-indo",
        "href": "/anime/episode/snk-s4-episode-1-sub-indo",
        "otakudesuUrl": "https://otakudesu.best/episode/snk-s4-episode-1-sub-indo/"
      }
    ],
    "recommendedAnimeList": [
      {
        "title": "Towa no Yuugure",
        "poster": "https://otakudesu.best/wp-content/uploads/2026/02/Towa-no-Yuugure-Sub-Indo.jpg",
        "animeId": "towa-yuugure-sub-indo",
        "href": "/anime/anime/towa-yuugure-sub-indo",
        "otakudesuUrl": "https://otakudesu.best/anime/towa-yuugure-sub-indo/"
      },
      {
        "title": "Wandance",
        "poster": "https://otakudesu.best/wp-content/uploads/2026/01/Wandance-Sub-Indo.jpg",
        "animeId": "wandnce-sub-indo",
        "href": "/anime/anime/wandnce-sub-indo",
        "otakudesuUrl": "https://otakudesu.best/anime/wandnce-sub-indo/"
      },
      {
        "title": "Nageki no Bourei wa Intai shitai Season 2",
        "poster": "https://otakudesu.best/wp-content/uploads/2026/01/Nageki-no-Bourei-wa-Intai-shitai-Season-2-Sub-Indo.jpg",
        "animeId": "ageki-bourei-intai-shitai-s2-sub-indo",
        "href": "/anime/anime/ageki-bourei-intai-shitai-s2-sub-indo",
        "otakudesuUrl": "https://otakudesu.best/anime/ageki-bourei-intai-shitai-s2-sub-indo/"
      },
      {
        "title": "Chichi wa Eiyuu, Haha wa Seirei, Musume no Watashi wa Tenseisha.",
        "poster": "https://otakudesu.best/wp-content/uploads/2026/01/Chichi-wa-Eiyuu-Haha-wa-Seirei-Musume-no-Watashi-wa-Tenseisha.-Sub-Indo.jpg",
        "animeId": "chichi-haha-seirei-sub-indo",
        "href": "/anime/anime/chichi-haha-seirei-sub-indo",
        "otakudesuUrl": "https://otakudesu.best/anime/chichi-haha-seirei-sub-indo/"
      },
      {
        "title": "Mugen Gacha",
        "poster": "https://otakudesu.best/wp-content/uploads/2026/01/Mugen-Gacha-Sub-Indo.jpg",
        "animeId": "mugen-gacha-sub-indo",
        "href": "/anime/anime/mugen-gacha-sub-indo",
        "otakudesuUrl": "https://otakudesu.best/anime/mugen-gacha-sub-indo/"
      }
    ]
  },
  "pagination": null
}