{
  "status": "success",
  "creator": "Sanka Vollerei",
  "statusCode": 200,
  "statusMessage": "OK",
  "message": "",
  "ok": true,
  "data": {
    "title": "Sozai Saishuka no Isekai Ryokouki",
    "poster": "https://otakudesu.best/wp-content/uploads/2025/12/Sozai-Saishuka-no-Isekai-Ryokouki-Sub-Indo.jpg",
    "japanese": "素材採取家の異世界旅行記",
    "score": "6.12",
    "producers": "Genco, Marvelous Entertainment, Ai Addiction, Crunchyroll, U-NEXT, Muse Communication, AlphaPolis",
    "type": "TV",
    "status": "Completed",
    "episodes": 12,
    "duration": "23 Menit",
    "aired": "Okt 07, 2025",
    "studios": "Tatsunoko Production, SynergySP",
    "batch": {
      "title": "Sozai Saishuka no Isekai Ryokouki [BATCH] Subtitle Indonesia",
      "batchId": "ssnir-batch-sub-indo",
      "href": "/anime/batch/ssnir-batch-sub-indo",
      "otakudesuUrl": "https://otakudesu.best/batch/ssnir-batch-sub-indo/"
    },
    "synopsis": {
      "paragraphs": [
        "Mengisahkan Takeru Kamishiro, seorang karyawan biasa yang secara kebetulan bereinkarnasi ke dunia lain. Di sana, Takeru mendapatkan berbagai kemampuan yang diberikan oleh sang Dewa, salah satunya adalah Mana Tak Terbatas.",
        "Sebelum menuju ke dunia barunya, sang Dewa berpesan kepada Takeru agar bisa mengubah situasi yang terjadi di dunia bernama Madeus tersebut. Tentu, Takeru menyetuji tawaran tersebut dan kini ia dihadapkan dengan berbagai rintangan yang telah menunggunya.",
        "Mampukah Takeru menyelesaikan misi yang diberikan oleh sang Dewa?"
      ],
      "connections": []
    },
    "genreList": [
      {
        "title": "Adventure",
        "genreId": "adventure",
        "href": "/anime/genre/adventure",
        "otakudesuUrl": "https://otakudesu.best/genres/adventure/"
      },
      {
        "title": "Fantasy",
        "genreId": "fantasy",
        "href": "/anime/genre/fantasy",
        "otakudesuUrl": "https://otakudesu.best/genres/fantasy/"
      },
      {
        "title": "Isekai",
        "genreId": "isekai",
        "href": "/anime/genre/isekai",
        "otakudesuUrl": "https://otakudesu.best/genres/isekai/"
      }
    ],
    "episodeList": [
      {
        "title": "Sozai Saishuka no Isekai Ryokouki Episode 12 (End) Subtitle Indonesia",
        "eps": 12,
        "date": "27 Desember,2025",
        "episodeId": "ssnir-episode-12-sub-indo",
        "href": "/anime/episode/ssnir-episode-12-sub-indo",
        "otakudesuUrl": "https://otakudesu.best/episode/ssnir-episode-12-sub-indo/"
      },
      {
        "title": "Sozai Saishuka no Isekai Ryokouki Episode 11 Subtitle Indonesia",
        "eps": 11,
        "date": "27 Desember,2025",
        "episodeId": "ssnir-episode-11-sub-indo",
        "href": "/anime/episode/ssnir-episode-11-sub-indo",
        "otakudesuUrl": "https://otakudesu.best/episode/ssnir-episode-11-sub-indo/"
      },
      {
        "title": "Sozai Saishuka no Isekai Ryokouki Episode 10 Subtitle Indonesia",
        "eps": 10,
        "date": "27 Desember,2025",
        "episodeId": "ssnir-episode-10-sub-indo",
        "href": "/anime/episode/ssnir-episode-10-sub-indo",
        "otakudesuUrl": "https://otakudesu.best/episode/ssnir-episode-10-sub-indo/"
      },
      {
        "title": "Sozai Saishuka no Isekai Ryokouki Episode 9 Subtitle Indonesia",
        "eps": 9,
        "date": "27 Desember,2025",
        "episodeId": "ssnir-episode-9-sub-indo",
        "href": "/anime/episode/ssnir-episode-9-sub-indo",
        "otakudesuUrl": "https://otakudesu.best/episode/ssnir-episode-9-sub-indo/"
      },
      {
        "title": "Sozai Saishuka no Isekai Ryokouki Episode 8 Subtitle Indonesia",
        "eps": 8,
        "date": "27 Desember,2025",
        "episodeId": "ssnir-episode-8-sub-indo",
        "href": "/anime/episode/ssnir-episode-8-sub-indo",
        "otakudesuUrl": "https://otakudesu.best/episode/ssnir-episode-8-sub-indo/"
      },
      {
        "title": "Sozai Saishuka no Isekai Ryokouki Episode 7 Subtitle Indonesia",
        "eps": 7,
        "date": "27 Desember,2025",
        "episodeId": "ssnir-episode-7-sub-indo",
        "href": "/anime/episode/ssnir-episode-7-sub-indo",
        "otakudesuUrl": "https://otakudesu.best/episode/ssnir-episode-7-sub-indo/"
      },
      {
        "title": "Sozai Saishuka no Isekai Ryokouki Episode 6 Subtitle Indonesia",
        "eps": 6,
        "date": "27 Desember,2025",
        "episodeId": "ssnir-episode-6-sub-indo",
        "href": "/anime/episode/ssnir-episode-6-sub-indo",
        "otakudesuUrl": "https://otakudesu.best/episode/ssnir-episode-6-sub-indo/"
      },
      {
        "title": "Sozai Saishuka no Isekai Ryokouki Episode 5 Subtitle Indonesia",
        "eps": 5,
        "date": "27 Desember,2025",
        "episodeId": "ssnir-episode-5-sub-indo",
        "href": "/anime/episode/ssnir-episode-5-sub-indo",
        "otakudesuUrl": "https://otakudesu.best/episode/ssnir-episode-5-sub-indo/"
      },
      {
        "title": "Sozai Saishuka no Isekai Ryokouki Episode 4 Subtitle Indonesia",
        "eps": 4,
        "date": "27 Desember,2025",
        "episodeId": "ssnir-episode-4-sub-indo",
        "href": "/anime/episode/ssnir-episode-4-sub-indo",
        "otakudesuUrl": "https://otakudesu.best/episode/ssnir-episode-4-sub-indo/"
      },
      {
        "title": "Sozai Saishuka no Isekai Ryokouki Episode 3 Subtitle Indonesia",
        "eps": 3,
        "date": "27 Desember,2025",
        "episodeId": "ssnir-episode-3-sub-indo",
        "href": "/anime/episode/ssnir-episode-3-sub-indo",
        "otakudesuUrl": "https://otakudesu.best/episode/ssnir-episode-3-sub-indo/"
      },
      {
        "title": "Sozai Saishuka no Isekai Ryokouki Episode 2 Subtitle Indonesia",
        "eps": 2,
        "date": "27 Desember,2025",
        "episodeId": "ssnir-episode-2-sub-indo",
        "href": "/anime/episode/ssnir-episode-2-sub-indo",
        "otakudesuUrl": "https://otakudesu.best/episode/ssnir-episode-2-sub-indo/"
      },
      {
        "title": "Sozai Saishuka no Isekai Ryokouki Episode 1 Subtitle Indonesia",
        "eps": 1,
        "date": "27 Desember,2025",
        "episodeId": "ssnir-episode-1-sub-indo",
        "href": "/anime/episode/ssnir-episode-1-sub-indo",
        "otakudesuUrl": "https://otakudesu.best/episode/ssnir-episode-1-sub-indo/"
      }
    ],
    "recommendedAnimeList": [
      {
        "title": "Towa no Yuugure",
        "poster": "https://otakudesu.best/wp-content/uploads/2026/02/Towa-no-Yuugure-Sub-Indo.jpg",
        "animeId": "towa-yuugure-sub-indo",
        "href": "/anime/anime/towa-yuugure-sub-indo",
        "otakudesuUrl": "https://otakudesu.best/anime/towa-yuugure-sub-indo/"
      },
      {
        "title": "Wandance",
        "poster": "https://otakudesu.best/wp-content/uploads/2026/01/Wandance-Sub-Indo.jpg",
        "animeId": "wandnce-sub-indo",
        "href": "/anime/anime/wandnce-sub-indo",
        "otakudesuUrl": "https://otakudesu.best/anime/wandnce-sub-indo/"
      },
      {
        "title": "Nageki no Bourei wa Intai shitai Season 2",
        "poster": "https://otakudesu.best/wp-content/uploads/2026/01/Nageki-no-Bourei-wa-Intai-shitai-Season-2-Sub-Indo.jpg",
        "animeId": "ageki-bourei-intai-shitai-s2-sub-indo",
        "href": "/anime/anime/ageki-bourei-intai-shitai-s2-sub-indo",
        "otakudesuUrl": "https://otakudesu.best/anime/ageki-bourei-intai-shitai-s2-sub-indo/"
      },
      {
        "title": "Chichi wa Eiyuu, Haha wa Seirei, Musume no Watashi wa Tenseisha.",
        "poster": "https://otakudesu.best/wp-content/uploads/2026/01/Chichi-wa-Eiyuu-Haha-wa-Seirei-Musume-no-Watashi-wa-Tenseisha.-Sub-Indo.jpg",
        "animeId": "chichi-haha-seirei-sub-indo",
        "href": "/anime/anime/chichi-haha-seirei-sub-indo",
        "otakudesuUrl": "https://otakudesu.best/anime/chichi-haha-seirei-sub-indo/"
      },
      {
        "title": "Mugen Gacha",
        "poster": "https://otakudesu.best/wp-content/uploads/2026/01/Mugen-Gacha-Sub-Indo.jpg",
        "animeId": "mugen-gacha-sub-indo",
        "href": "/anime/anime/mugen-gacha-sub-indo",
        "otakudesuUrl": "https://otakudesu.best/anime/mugen-gacha-sub-indo/"
      }
    ]
  },
  "pagination": null
}