{
  "status": "success",
  "creator": "Sanka Vollerei",
  "statusCode": 200,
  "statusMessage": "OK",
  "message": "",
  "ok": true,
  "data": {
    "title": "Seihantai na Kimi to Boku",
    "poster": "https://otakudesu.best/wp-content/uploads/2026/01/Seihantai-na-Kimi-to-Boku.jpg",
    "japanese": "正反対な君と僕",
    "score": "7.87",
    "producers": "Dentsu, Shochiku, Mainichi Broadcasting System, Tohokushinsha Film Corporation, Shueisha, Shochiku Music Publishing, AbemaTV",
    "type": "TV",
    "status": "Ongoing",
    "episodes": 12,
    "duration": "24 min. per ep.",
    "aired": "Jan 11, 2026",
    "studios": "Lapin Track",
    "batch": null,
    "synopsis": {
      "paragraphs": [],
      "connections": []
    },
    "genreList": [
      {
        "title": "Comedy",
        "genreId": "comedy",
        "href": "/anime/genre/comedy",
        "otakudesuUrl": "https://otakudesu.best/genres/comedy/"
      },
      {
        "title": "Romance",
        "genreId": "romance",
        "href": "/anime/genre/romance",
        "otakudesuUrl": "https://otakudesu.best/genres/romance/"
      },
      {
        "title": "School",
        "genreId": "school",
        "href": "/anime/genre/school",
        "otakudesuUrl": "https://otakudesu.best/genres/school/"
      },
      {
        "title": "Shounen",
        "genreId": "shounen",
        "href": "/anime/genre/shounen",
        "otakudesuUrl": "https://otakudesu.best/genres/shounen/"
      }
    ],
    "episodeList": [
      {
        "title": "Seihantai na Kimi to Boku Episode 5 Subtitle Indonesia",
        "eps": 5,
        "date": "8 Februari,2026",
        "episodeId": "snkb-episode-5-sub-indo",
        "href": "/anime/episode/snkb-episode-5-sub-indo",
        "otakudesuUrl": "https://otakudesu.best/episode/snkb-episode-5-sub-indo/"
      },
      {
        "title": "Seihantai na Kimi to Boku Episode 4 Subtitle Indonesia",
        "eps": 4,
        "date": "2 Februari,2026",
        "episodeId": "snkb-episode-4-sub-indo",
        "href": "/anime/episode/snkb-episode-4-sub-indo",
        "otakudesuUrl": "https://otakudesu.best/episode/snkb-episode-4-sub-indo/"
      },
      {
        "title": "Seihantai na Kimi to Boku Episode 3 Subtitle Indonesia",
        "eps": 3,
        "date": "26 Januari,2026",
        "episodeId": "snkb-episode-3-sub-indo",
        "href": "/anime/episode/snkb-episode-3-sub-indo",
        "otakudesuUrl": "https://otakudesu.best/episode/snkb-episode-3-sub-indo/"
      },
      {
        "title": "Seihantai na Kimi to Boku Episode 2 Subtitle Indonesia",
        "eps": 2,
        "date": "19 Januari,2026",
        "episodeId": "snkb-episode-2-sub-indo",
        "href": "/anime/episode/snkb-episode-2-sub-indo",
        "otakudesuUrl": "https://otakudesu.best/episode/snkb-episode-2-sub-indo/"
      },
      {
        "title": "Seihantai na Kimi to Boku Episode 1 Subtitle Indonesia",
        "eps": 1,
        "date": "12 Januari,2026",
        "episodeId": "snkb-episode-1-sub-indo",
        "href": "/anime/episode/snkb-episode-1-sub-indo",
        "otakudesuUrl": "https://otakudesu.best/episode/snkb-episode-1-sub-indo/"
      }
    ],
    "recommendedAnimeList": [
      {
        "title": "Towa no Yuugure",
        "poster": "https://otakudesu.best/wp-content/uploads/2026/02/Towa-no-Yuugure-Sub-Indo.jpg",
        "animeId": "towa-yuugure-sub-indo",
        "href": "/anime/anime/towa-yuugure-sub-indo",
        "otakudesuUrl": "https://otakudesu.best/anime/towa-yuugure-sub-indo/"
      },
      {
        "title": "Wandance",
        "poster": "https://otakudesu.best/wp-content/uploads/2026/01/Wandance-Sub-Indo.jpg",
        "animeId": "wandnce-sub-indo",
        "href": "/anime/anime/wandnce-sub-indo",
        "otakudesuUrl": "https://otakudesu.best/anime/wandnce-sub-indo/"
      },
      {
        "title": "Nageki no Bourei wa Intai shitai Season 2",
        "poster": "https://otakudesu.best/wp-content/uploads/2026/01/Nageki-no-Bourei-wa-Intai-shitai-Season-2-Sub-Indo.jpg",
        "animeId": "ageki-bourei-intai-shitai-s2-sub-indo",
        "href": "/anime/anime/ageki-bourei-intai-shitai-s2-sub-indo",
        "otakudesuUrl": "https://otakudesu.best/anime/ageki-bourei-intai-shitai-s2-sub-indo/"
      },
      {
        "title": "Chichi wa Eiyuu, Haha wa Seirei, Musume no Watashi wa Tenseisha.",
        "poster": "https://otakudesu.best/wp-content/uploads/2026/01/Chichi-wa-Eiyuu-Haha-wa-Seirei-Musume-no-Watashi-wa-Tenseisha.-Sub-Indo.jpg",
        "animeId": "chichi-haha-seirei-sub-indo",
        "href": "/anime/anime/chichi-haha-seirei-sub-indo",
        "otakudesuUrl": "https://otakudesu.best/anime/chichi-haha-seirei-sub-indo/"
      },
      {
        "title": "Mugen Gacha",
        "poster": "https://otakudesu.best/wp-content/uploads/2026/01/Mugen-Gacha-Sub-Indo.jpg",
        "animeId": "mugen-gacha-sub-indo",
        "href": "/anime/anime/mugen-gacha-sub-indo",
        "otakudesuUrl": "https://otakudesu.best/anime/mugen-gacha-sub-indo/"
      }
    ]
  },
  "pagination": null
}