{
  "status": "success",
  "creator": "Sanka Vollerei",
  "statusCode": 200,
  "statusMessage": "OK",
  "message": "",
  "ok": true,
  "data": {
    "title": "Ao no Orchestra Season 2 Episode 1 Subtitle Indonesia",
    "animeId": "orchestra-s2-sub-indo",
    "releaseTime": "Release on 11:12 pm",
    "defaultStreamingUrl": "https://str.desustream.com/dstream/ondesu/v5/index.php?id=NGsvU3A4YnM2Vk1EUDh1bEYzS2twQT09",
    "hasPrevEpisode": false,
    "prevEpisode": null,
    "hasNextEpisode": true,
    "nextEpisode": {
      "title": "Next",
      "episodeId": "anorctsra-s2-episode-2-sub-indo",
      "href": "/anime/episode/anorctsra-s2-episode-2-sub-indo",
      "otakudesuUrl": "https://otakudesu.best/episode/anorctsra-s2-episode-2-sub-indo/"
    },
    "server": {
      "qualities": [
        {
          "title": "360p",
          "serverList": [
            {
              "title": "vidhide",
              "serverId": "6DCDBD-5-8B5u",
              "href": "/anime/server/6DCDBD-5-8B5u"
            },
            {
              "title": "filedon",
              "serverId": "6DCDBD-6-8B5u",
              "href": "/anime/server/6DCDBD-6-8B5u"
            },
            {
              "title": "pdrain",
              "serverId": "6DCDBD-7-8B5u",
              "href": "/anime/server/6DCDBD-7-8B5u"
            },
            {
              "title": "mega",
              "serverId": "6DCDBD-8-8B5u",
              "href": "/anime/server/6DCDBD-8-8B5u"
            }
          ]
        },
        {
          "title": "480p",
          "serverList": [
            {
              "title": "ondesu",
              "serverId": "6DCDBD-5-9D5u",
              "href": "/anime/server/6DCDBD-5-9D5u"
            },
            {
              "title": "vidhide",
              "serverId": "6DCDBD-6-9D5u",
              "href": "/anime/server/6DCDBD-6-9D5u"
            },
            {
              "title": "filedon",
              "serverId": "6DCDBD-7-9D5u",
              "href": "/anime/server/6DCDBD-7-9D5u"
            },
            {
              "title": "pdrain",
              "serverId": "6DCDBD-8-9D5u",
              "href": "/anime/server/6DCDBD-8-9D5u"
            },
            {
              "title": "mega",
              "serverId": "6DCDBD-9-9D5u",
              "href": "/anime/server/6DCDBD-9-9D5u"
            }
          ]
        },
        {
          "title": "720p",
          "serverList": [
            {
              "title": "filedon ",
              "serverId": "6DCDBD-5-C75u",
              "href": "/anime/server/6DCDBD-5-C75u"
            },
            {
              "title": "ondesuhd ",
              "serverId": "6DCDBD-6-C75u",
              "href": "/anime/server/6DCDBD-6-C75u"
            },
            {
              "title": "vidhide ",
              "serverId": "6DCDBD-7-C75u",
              "href": "/anime/server/6DCDBD-7-C75u"
            },
            {
              "title": "pdrain ",
              "serverId": "6DCDBD-8-C75u",
              "href": "/anime/server/6DCDBD-8-C75u"
            },
            {
              "title": "mega ",
              "serverId": "6DCDBD-9-C75u",
              "href": "/anime/server/6DCDBD-9-C75u"
            }
          ]
        }
      ]
    },
    "downloadUrl": {
      "qualities": [
        {
          "title": "Mp4_360p",
          "size": "40.4 MB",
          "urls": [
            {
              "title": "ODFiles",
              "url": "https://desustream.com/safelink/linkuz/?id=Uk83OUt2T214S3VyTlZnTDBTeXJPNkU2WjV3cStpQm5MMWkzNlZpeUEvdk81cGcrMXJOQ0JDTDFIeXhqanVSSlFtclFuZ3ZwNjd4RTBERStxa29Xd1p5dnZHamZhM3RQS2c9PQ=="
            },
            {
              "title": "Pdrain",
              "url": "https://desustream.com/safelink/linkuz/?id=Uk83OUt2T214S3UwS0VFRnlDNndOcTBuWjVFZzR5QjRNMktld0ZpQ0tkcXA="
            },
            {
              "title": "Acefile",
              "url": "https://desustream.com/safelink/linkuz/?id=Uk83OUt2T214S3VsSWx3R3pTYW5lYWNtWnBSZ3Z6NDlMZ251dFIzM1ZPYU03NUZrL2FKUUducjRGUUIzenVJTGJobVQ0UlRsNnFkWmtDME02VWc9"
            },
            {
              "title": "GoFile",
              "url": "https://desustream.com/safelink/linkuz/?id=Uk83OUt2T214S3VqTGw4SnlDL3NQcXRtTGQxNTRtRmFURms9"
            },
            {
              "title": "Mega",
              "url": "https://desustream.com/safelink/linkuz/?id=Uk83OUt2T214S3VwSkY0QmlpUzRlS0lnSlpkZ3czbEVMUUdWOUV2Z1EvdVB2NXhnNmFZVEN4ckZRMjFleTg1c2UxN3RnR0hLazZFYnFFTVQya3BDeU1lM2hTaW1jRzVTS1E9PQ=="
            },
            {
              "title": "KFiles",
              "url": "https://desustream.com/safelink/linkuz/?id=Uk83OUt2T214S3V2TTFnTHdTU2tQcWdzT3R3czRXSWlhbG02K2dXa1ArK1N1NDFBOVpWeFFESDRGam80eVBsTGNRPT0="
            }
          ]
        },
        {
          "title": "Mp4_480p",
          "size": "67.3 MB",
          "urls": [
            {
              "title": "ODFiles",
              "url": "https://desustream.com/safelink/linkuz/?id=Uk83OUt2T214S3VyTlZnTDBTeXJPNkU2WjV3cStpQTVhZ081K0ZuNkR1Mkt1Y2srMXJOQ0JDTDFIeXhqanVSSlFtclFuZ3ZwNjd4RTBERStyVVFXd1p5dnZHamZhM3RQS2c9PQ=="
            },
            {
              "title": "Pdrain",
              "url": "https://desustream.com/safelink/linkuz/?id=Uk83OUt2T214S3UwS0VFRnlDNndOcTBuWjVFZzR5QjRNMmU3ejA2Qkk4V3Y="
            },
            {
              "title": "Acefile",
              "url": "https://desustream.com/safelink/linkuz/?id=Uk83OUt2T214S3VsSWx3R3pTYW5lYWNtWnBSZ3Z6NDlMZ251dFIzMlZPYU03NUZrL2FKUUducjRGUUIzenVJTGJobVQ0UlRsN2FsWmtDME02VWc9"
            },
            {
              "title": "GoFile",
              "url": "https://desustream.com/safelink/linkuz/?id=Uk83OUt2T214S3VqTGw4SnlDL3NQcXRtTGQxNTRtRmFURms9"
            },
            {
              "title": "Mega",
              "url": "https://desustream.com/safelink/linkuz/?id=Uk83OUt2T214S3VwSkY0QmlpUzRlS0lnSlpkZzN6bGlMM2FOdTB2Z0NNR1Q0S3hJcW9oVk1DRGhTajU2eThoemRrYkk2WHJJZ2V0Wmcwb1creXgwaE55T2p4dmNZWGw2Qnc9PQ=="
            },
            {
              "title": "KFiles",
              "url": "https://desustream.com/safelink/linkuz/?id=Uk83OUt2T214S3V2TTFnTHdTU2tQcWdzT3R3czRXSWlhbG02K2dYMVN2cVIvSmhjcklwelFESDRGam80eVBsTGNRPT0="
            }
          ]
        },
        {
          "title": "Mp4_720p",
          "size": "122.1 MB",
          "urls": [
            {
              "title": "ODFiles",
              "url": "https://desustream.com/safelink/linkuz/?id=Uk83OUt2T214S3VyTlZnTDBTeXJPNkU2WjV3cStpQnNlZ2JtNTBXeUN2dVovNVkrMXJOQ0JDTDFIeXhqanVSSlFtclFuZ3ZwNjd4RTBERStyazRXd1p5dnZHamZhM3RQS2c9PQ=="
            },
            {
              "title": "Pdrain",
              "url": "https://desustream.com/safelink/linkuz/?id=Uk83OUt2T214S3UwS0VFRnlDNndOcTBuWjVFZzR5QjRNM2luNWhPbE5zZUo="
            },
            {
              "title": "Acefile",
              "url": "https://desustream.com/safelink/linkuz/?id=Uk83OUt2T214S3VsSWx3R3pTYW5lYWNtWnBSZ3Z6NDlMZ251dFIzMVZPYU03NUZrL2FKUUducjRGUUIzenVJTGJobVQ0UlRsN3FOWmtDME02VWc9"
            },
            {
              "title": "GoFile",
              "url": "https://desustream.com/safelink/linkuz/?id=Uk83OUt2T214S3VqTGw4SnlDL3NQcXRtTGQxNTRtRmFURms9"
            },
            {
              "title": "Mega",
              "url": "https://desustream.com/safelink/linkuz/?id=Uk83OUt2T214S3VwSkY0QmlpUzRlS0lnSlpkZ3kyVmZUa3FHdW1iZ1RlV3h3Y05XL0tSdkloS2tOaTF6OHU4V2NrYndveGVQajhVSDJFeFdvVkZyK2VqN2lDNm5WV3RyTVE9PQ=="
            },
            {
              "title": "KFiles",
              "url": "https://desustream.com/safelink/linkuz/?id=Uk83OUt2T214S3V2TTFnTHdTU2tQcWdzT3R3czRXSWlhbG02K2dXV0FmQ0kxcDFZMDRsRVFESDRGam80eVBsTGNRPT0="
            }
          ]
        },
        {
          "title": "MKV_480p",
          "size": "66.3 MB",
          "urls": [
            {
              "title": "ODFiles",
              "url": "https://desustream.com/safelink/linkuz/?id=Uk83OUt2T214S3VyTlZnTDBTeXJPNkU2WjV3cStpQTBMQVd5NWxyekdlaWZ2b00rMXJOQ0JDTDFIeXhqanVSSlFtclFuZ3ZwNjd4RTBERSsxQmRRaFlyeXZIS2NhSGtNTGdxT2xnPT0="
            },
            {
              "title": "Pdrain",
              "url": "https://desustream.com/safelink/linkuz/?id=Uk83OUt2T214S3UwS0VFRnlDNndOcTBuWjVFZzR5QjRNMTNvL0dUN0lmeVg="
            },
            {
              "title": "Acefile",
              "url": "https://desustream.com/safelink/linkuz/?id=Uk83OUt2T214S3VsSWx3R3pTYW5lYWNtWnBSZ3Z6NDlMZ251dFIzMFZPYU03NUZrL2FKUUducjRGUUIzenVJTGJobVQ0UlRsdFBvZjFEaFI2VkZMMnNRPQ=="
            },
            {
              "title": "GoFile",
              "url": "https://desustream.com/safelink/linkuz/?id=Uk83OUt2T214S3VqTGw4SnlDL3NQcXRtTGQxNTRtRmFURms9"
            },
            {
              "title": "Mega",
              "url": "https://desustream.com/safelink/linkuz/?id=Uk83OUt2T214S3VwSkY0QmlpUzRlS0lnSlpkZzRUeFhaa21Ud1dQZ1A3R2c3SngxdFA5QUtnZmxPeElsa09weGJVTDlsRmIybDlJY3pUZFIzajBWK3VXVXFtMmdSMHNTZGc9PQ=="
            },
            {
              "title": "KFiles",
              "url": "https://desustream.com/safelink/linkuz/?id=Uk83OUt2T214S3V2TTFnTHdTU2tQcWdzT3R3czRXSWlhbG02K2dXeURNVEJ2cXBGcWFwbVFESDRGam80eVBsTGNRPT0="
            }
          ]
        },
        {
          "title": "MKV_720p",
          "size": "121.4 MB",
          "urls": [
            {
              "title": "ODFiles",
              "url": "https://desustream.com/safelink/linkuz/?id=Uk83OUt2T214S3VyTlZnTDBTeXJPNkU2WjV3cStpQjRMUWJwNHhxMEZ2ekI1WW8rMXJOQ0JDTDFIeXhqanVSSlFtclFuZ3ZwNjd4RTBERSsxQmRRaG9EeXZIS2NhSGtNTGdxT2xnPT0="
            },
            {
              "title": "Pdrain",
              "url": "https://desustream.com/safelink/linkuz/?id=Uk83OUt2T214S3UwS0VFRnlDNndOcTBuWjVFZzR5QjRNMVdLdW16M1N0Mlg="
            },
            {
              "title": "Acefile",
              "url": "https://desustream.com/safelink/linkuz/?id=Uk83OUt2T214S3VsSWx3R3pTYW5lYWNtWnBSZ3Z6NDlMZ251dFIzN1ZPYU03NUZrL2FKUUducjRGUUIzenVJTGJobVQ0UlRsdFBvZjF6SlI2VkZMMnNRPQ=="
            },
            {
              "title": "GoFile",
              "url": "https://desustream.com/safelink/linkuz/?id=Uk83OUt2T214S3VqTGw4SnlDL3NQcXRtTGQxNTRtRmFURms9"
            },
            {
              "title": "Mega",
              "url": "https://desustream.com/safelink/linkuz/?id=Uk83OUt2T214S3VwSkY0QmlpUzRlS0lnSlpkZzVtSjFTVmlUdVh2Z0R2bk03TGNqOEw5M0xDTFFFaGc3MWZ0T0tscUl1MDdvdGRCYWxYSXcyRkZyOHZtdSt6MkdNVlYwZmc9PQ=="
            },
            {
              "title": "KFiles",
              "url": "https://desustream.com/safelink/linkuz/?id=Uk83OUt2T214S3V2TTFnTHdTU2tQcWdzT3R3czRXSWlhbG02K2dXdlNlV2J3N1o1MnFzVlFESDRGam80eVBsTGNRPT0="
            }
          ]
        },
        {
          "title": "MKV_1080p",
          "size": "317.0 MB",
          "urls": [
            {
              "title": "ODFiles",
              "url": "https://desustream.com/safelink/linkuz/?id=Uk83OUt2T214S3VyTlZnTDBTeXJPNkU2WjV3cStpQjNmVjZ0dUZPNUN1cU81SjQrMXJOQ0JDTDFIeXhqanVSSlFtclFuZ3ZwNjd4RTBERSsxQmRRZ0lMNi9DemZibVJVYUJhWGwvYz0="
            },
            {
              "title": "Pdrain",
              "url": "https://desustream.com/safelink/linkuz/?id=Uk83OUt2T214S3UwS0VFRnlDNndOcTBuWjVFZzR5QjRNd1dUdEZtMUhmcXU="
            },
            {
              "title": "Acefile",
              "url": "https://desustream.com/safelink/linkuz/?id=Uk83OUt2T214S3VsSWx3R3pTYW5lYWNtWnBSZ3Z6NDlMZ251dFIzNlZPYU03NUZrL2FKUUducjRGUUIzenVJTGJobVQ0UlRsdFBvZjBUQlpxUXdMM05tMA=="
            },
            {
              "title": "GoFile",
              "url": "https://desustream.com/safelink/linkuz/?id=Uk83OUt2T214S3VqTGw4SnlDL3NQcXRtTGQxNTRtRmFURms9"
            },
            {
              "title": "Mega",
              "url": "https://desustream.com/safelink/linkuz/?id=Uk83OUt2T214S3VwSkY0QmlpUzRlS0lnSlpkZ3QzNWZMSEtWOUdQZ0NPelY1OElnMzVNWEEyK2hBaHdsemV0RE1ITDc0SFBRby9RaG1WVTBxRFpRNEorRG13T2hkbGh4TFE9PQ=="
            },
            {
              "title": "KFiles",
              "url": "https://desustream.com/safelink/linkuz/?id=Uk83OUt2T214S3V2TTFnTHdTU2tQcWdzT3R3czRXSWlhbG02K2dXU0dNZWQ3WkY4NjZ0T1FESDRGam80eVBsTGNRPT0="
            }
          ]
        }
      ]
    },
    "info": {
      "credit": "Huntersekai",
      "encoder": "Otakudesu",
      "duration": "25 Min.",
      "type": "TV",
      "genreList": [
        {
          "title": "Drama",
          "genreId": "drama",
          "href": "/anime/genre/drama",
          "otakudesuUrl": "https://otakudesu.best/genres/drama/"
        },
        {
          "title": "Music",
          "genreId": "music",
          "href": "/anime/genre/music",
          "otakudesuUrl": "https://otakudesu.best/genres/music/"
        },
        {
          "title": "Performing Arts",
          "genreId": "performing-arts",
          "href": "/anime/genre/performing-arts",
          "otakudesuUrl": "https://otakudesu.best/genres/performing-arts/"
        },
        {
          "title": "School",
          "genreId": "school",
          "href": "/anime/genre/school",
          "otakudesuUrl": "https://otakudesu.best/genres/school/"
        }
      ],
      "episodeList": [
        {
          "title": "Episode 18",
          "eps": 18,
          "date": "",
          "episodeId": "anorctsra-s2-episode-18-sub-indo",
          "href": "/anime/episode/anorctsra-s2-episode-18-sub-indo",
          "otakudesuUrl": "https://otakudesu.best/episode/anorctsra-s2-episode-18-sub-indo/"
        },
        {
          "title": "Episode 17",
          "eps": 17,
          "date": "",
          "episodeId": "anorctsra-s2-episode-17-sub-indo",
          "href": "/anime/episode/anorctsra-s2-episode-17-sub-indo",
          "otakudesuUrl": "https://otakudesu.best/episode/anorctsra-s2-episode-17-sub-indo/"
        },
        {
          "title": "Episode 16",
          "eps": 16,
          "date": "",
          "episodeId": "anorctsra-s2-episode-16-sub-indo",
          "href": "/anime/episode/anorctsra-s2-episode-16-sub-indo",
          "otakudesuUrl": "https://otakudesu.best/episode/anorctsra-s2-episode-16-sub-indo/"
        },
        {
          "title": "Episode 15",
          "eps": 15,
          "date": "",
          "episodeId": "anorctsra-s2-episode-15-sub-indo",
          "href": "/anime/episode/anorctsra-s2-episode-15-sub-indo",
          "otakudesuUrl": "https://otakudesu.best/episode/anorctsra-s2-episode-15-sub-indo/"
        },
        {
          "title": "Episode 14",
          "eps": 14,
          "date": "",
          "episodeId": "anorctsra-s2-episode-14-sub-indo",
          "href": "/anime/episode/anorctsra-s2-episode-14-sub-indo",
          "otakudesuUrl": "https://otakudesu.best/episode/anorctsra-s2-episode-14-sub-indo/"
        },
        {
          "title": "Episode 13",
          "eps": 13,
          "date": "",
          "episodeId": "anorctsra-s2-episode-13-sub-indo",
          "href": "/anime/episode/anorctsra-s2-episode-13-sub-indo",
          "otakudesuUrl": "https://otakudesu.best/episode/anorctsra-s2-episode-13-sub-indo/"
        },
        {
          "title": "Episode 12",
          "eps": 12,
          "date": "",
          "episodeId": "anorctsra-s2-episode-12-sub-indo",
          "href": "/anime/episode/anorctsra-s2-episode-12-sub-indo",
          "otakudesuUrl": "https://otakudesu.best/episode/anorctsra-s2-episode-12-sub-indo/"
        },
        {
          "title": "Episode 11",
          "eps": 11,
          "date": "",
          "episodeId": "anorctsra-s2-episode-11-sub-indo",
          "href": "/anime/episode/anorctsra-s2-episode-11-sub-indo",
          "otakudesuUrl": "https://otakudesu.best/episode/anorctsra-s2-episode-11-sub-indo/"
        },
        {
          "title": "Episode 10",
          "eps": 10,
          "date": "",
          "episodeId": "anorctsra-s2-episode-10-sub-indo",
          "href": "/anime/episode/anorctsra-s2-episode-10-sub-indo",
          "otakudesuUrl": "https://otakudesu.best/episode/anorctsra-s2-episode-10-sub-indo/"
        },
        {
          "title": "Episode 9",
          "eps": 9,
          "date": "",
          "episodeId": "anorctsra-s2-episode-9-sub-indo",
          "href": "/anime/episode/anorctsra-s2-episode-9-sub-indo",
          "otakudesuUrl": "https://otakudesu.best/episode/anorctsra-s2-episode-9-sub-indo/"
        },
        {
          "title": "Episode 8",
          "eps": 8,
          "date": "",
          "episodeId": "anorctsra-s2-episode-8-sub-indo",
          "href": "/anime/episode/anorctsra-s2-episode-8-sub-indo",
          "otakudesuUrl": "https://otakudesu.best/episode/anorctsra-s2-episode-8-sub-indo/"
        },
        {
          "title": "Episode 7",
          "eps": 7,
          "date": "",
          "episodeId": "anorctsra-s2-episode-7-sub-indo",
          "href": "/anime/episode/anorctsra-s2-episode-7-sub-indo",
          "otakudesuUrl": "https://otakudesu.best/episode/anorctsra-s2-episode-7-sub-indo/"
        },
        {
          "title": "Episode 6",
          "eps": 6,
          "date": "",
          "episodeId": "anorctsra-s2-episode-6-sub-indo",
          "href": "/anime/episode/anorctsra-s2-episode-6-sub-indo",
          "otakudesuUrl": "https://otakudesu.best/episode/anorctsra-s2-episode-6-sub-indo/"
        },
        {
          "title": "Episode 5",
          "eps": 5,
          "date": "",
          "episodeId": "anorctsra-s2-episode-5-sub-indo",
          "href": "/anime/episode/anorctsra-s2-episode-5-sub-indo",
          "otakudesuUrl": "https://otakudesu.best/episode/anorctsra-s2-episode-5-sub-indo/"
        },
        {
          "title": "Episode 4",
          "eps": 4,
          "date": "",
          "episodeId": "anorctsra-s2-episode-4-sub-indo",
          "href": "/anime/episode/anorctsra-s2-episode-4-sub-indo",
          "otakudesuUrl": "https://otakudesu.best/episode/anorctsra-s2-episode-4-sub-indo/"
        },
        {
          "title": "Episode 3",
          "eps": 3,
          "date": "",
          "episodeId": "anorctsra-s2-episode-3-sub-indo",
          "href": "/anime/episode/anorctsra-s2-episode-3-sub-indo",
          "otakudesuUrl": "https://otakudesu.best/episode/anorctsra-s2-episode-3-sub-indo/"
        },
        {
          "title": "Episode 2",
          "eps": 2,
          "date": "",
          "episodeId": "anorctsra-s2-episode-2-sub-indo",
          "href": "/anime/episode/anorctsra-s2-episode-2-sub-indo",
          "otakudesuUrl": "https://otakudesu.best/episode/anorctsra-s2-episode-2-sub-indo/"
        },
        {
          "title": "Episode 1",
          "eps": 1,
          "date": "",
          "episodeId": "anorctsra-s2-episode-1-sub-indo",
          "href": "/anime/episode/anorctsra-s2-episode-1-sub-indo",
          "otakudesuUrl": "https://otakudesu.best/episode/anorctsra-s2-episode-1-sub-indo/"
        }
      ]
    }
  },
  "pagination": null
}