{
  "status": "success",
  "creator": "Sanka Vollerei",
  "statusCode": 200,
  "statusMessage": "OK",
  "message": "",
  "ok": true,
  "data": {
    "title": "Digimon Beatbreak Episode 18 Subtitle Indonesia",
    "animeId": "digimon-bb-sub-indo",
    "releaseTime": "Release on 2:57 pm",
    "defaultStreamingUrl": "https://str.desustream.com/dstream/ondesu/v5/index.php?id=dUtkeWJnNnhJTzV5WXQvMDBRaENrUT09",
    "hasPrevEpisode": true,
    "prevEpisode": {
      "title": "Prev",
      "episodeId": "dgbb-episode-17-sub-indo",
      "href": "/anime/episode/dgbb-episode-17-sub-indo",
      "otakudesuUrl": "https://otakudesu.best/episode/dgbb-episode-17-sub-indo/"
    },
    "hasNextEpisode": false,
    "nextEpisode": null,
    "server": {
      "qualities": [
        {
          "title": "360p",
          "serverList": [
            {
              "title": "vidhide",
              "serverId": "6E8696-5-8B5u",
              "href": "/anime/server/6E8696-5-8B5u"
            },
            {
              "title": "filedon",
              "serverId": "6E8696-6-8B5u",
              "href": "/anime/server/6E8696-6-8B5u"
            },
            {
              "title": "mega",
              "serverId": "6E8696-7-8B5u",
              "href": "/anime/server/6E8696-7-8B5u"
            }
          ]
        },
        {
          "title": "480p",
          "serverList": [
            {
              "title": "ondesu",
              "serverId": "6E8696-5-9D5u",
              "href": "/anime/server/6E8696-5-9D5u"
            },
            {
              "title": "vidhide",
              "serverId": "6E8696-6-9D5u",
              "href": "/anime/server/6E8696-6-9D5u"
            },
            {
              "title": "filedon",
              "serverId": "6E8696-7-9D5u",
              "href": "/anime/server/6E8696-7-9D5u"
            },
            {
              "title": "mega",
              "serverId": "6E8696-8-9D5u",
              "href": "/anime/server/6E8696-8-9D5u"
            }
          ]
        },
        {
          "title": "720p",
          "serverList": [
            {
              "title": "ondesuhd ",
              "serverId": "6E8696-5-C75u",
              "href": "/anime/server/6E8696-5-C75u"
            },
            {
              "title": "filedon ",
              "serverId": "6E8696-6-C75u",
              "href": "/anime/server/6E8696-6-C75u"
            },
            {
              "title": "vidhide ",
              "serverId": "6E8696-7-C75u",
              "href": "/anime/server/6E8696-7-C75u"
            },
            {
              "title": "mega ",
              "serverId": "6E8696-8-C75u",
              "href": "/anime/server/6E8696-8-C75u"
            }
          ]
        }
      ]
    },
    "downloadUrl": {
      "qualities": [
        {
          "title": "Mp4_360p",
          "size": "40.7 MB",
          "urls": [
            {
              "title": "ODFiles",
              "url": "https://desustream.com/safelink/linkuz/?id=Uk83OUt2T214S3VyTlZnTDBTeXJPNkU2WjV3cStpQm5hMGpyK0YycUZMK2U5cDQrMXJOQ0JDTDFIeXhqanVSSlFtLzVrMmVYOUtCUnZ6TlhxUXdJM01MMjRqU0ZibU09"
            },
            {
              "title": "Pdrain",
              "url": "https://desustream.com/safelink/linkuz/?id=Uk83OUt2T214S3UwS0VFRnlDNndOcTBuWjVFZzR5QjRNMVBuN0VLU0tMdWU="
            },
            {
              "title": "Acefile",
              "url": "https://desustream.com/safelink/linkuz/?id=Uk83OUt2T214S3VsSWx3R3pTYW5lYWNtWnBSZ3Z6NDhMUWZ1dUJqM1ZPYU03NUZrL2FKUUducjRGUUJ5eCs5RU1CcUdqaGFNNmVGRWpYQlY="
            },
            {
              "title": "GoFile",
              "url": "https://desustream.com/safelink/linkuz/?id=Uk83OUt2T214S3VqTGw4SnlDL3NQcXRtTGQwN3kwWTRkVjA9"
            },
            {
              "title": "Mega",
              "url": "https://desustream.com/safelink/linkuz/?id=Uk83OUt2T214S3VwSkY0QmlpUzRlS0lnSlpkZzFuOVBUVm1PNm5uZ09zck94NUprMnFsN0JDZlRBQVZaMWZkSVh4aU1vRmZRclB4YXJVOVMrQk1Yd1lYMS94U0FWbjFNQnc9PQ=="
            },
            {
              "title": "KFiles",
              "url": "https://desustream.com/safelink/linkuz/?id=Uk83OUt2T214S3V2TTFnTHdTU2tQcWdzT3R3czRXSWlhbG02K2dYNkkvcTN1WmhicWJKd1FESDRGam80eVBsTGNRPT0="
            }
          ]
        },
        {
          "title": "Mp4_480p",
          "size": "74.4 MB",
          "urls": [
            {
              "title": "ODFiles",
              "url": "https://desustream.com/safelink/linkuz/?id=Uk83OUt2T214S3VyTlZnTDBTeXJPNkU2WjV3cStpQnJMQWpxNTBhekYrZVE0YzArMXJOQ0JDTDFIeXhqanVSSlFtLzVrMmVYOUtCUnZ6UlpxUXdJM01MMjRqU0ZibU09"
            },
            {
              "title": "Pdrain",
              "url": "https://desustream.com/safelink/linkuz/?id=Uk83OUt2T214S3UwS0VFRnlDNndOcTBuWjVFZzR5QjRNM1NLdUdlTFErVE4="
            },
            {
              "title": "Acefile",
              "url": "https://desustream.com/safelink/linkuz/?id=Uk83OUt2T214S3VsSWx3R3pTYW5lYWNtWnBSZ3Z6NDhMUWZ1dUJqMlZPYU03NUZrL2FKUUducjRGUUJ5eCs5RU1CcUdqaEdDNmVGRWpYQlY="
            },
            {
              "title": "GoFile",
              "url": "https://desustream.com/safelink/linkuz/?id=Uk83OUt2T214S3VqTGw4SnlDL3NQcXRtTGQwN3kwWTRkVjA9"
            },
            {
              "title": "Mega",
              "url": "https://desustream.com/safelink/linkuz/?id=Uk83OUt2T214S3VwSkY0QmlpUzRlS0lnSlpkZzNYaEVTUUtHOTN2Z0tPMlB2cmxqNnIxZ09TM1pReFZTMDhaZWRXL1FzMXpsbnNnK3RISVV4amdVNCtpU2hBdVNSRDF3Zmc9PQ=="
            },
            {
              "title": "KFiles",
              "url": "https://desustream.com/safelink/linkuz/?id=Uk83OUt2T214S3V2TTFnTHdTU2tQcWdzT3R3czRXSWlhbG02K2dXSkFkRzN5YmtuMzRsS1FESDRGam80eVBsTGNRPT0="
            }
          ]
        },
        {
          "title": "Mp4_720p",
          "size": "135.1 MB",
          "urls": [
            {
              "title": "ODFiles",
              "url": "https://desustream.com/safelink/linkuz/?id=Uk83OUt2T214S3VyTlZnTDBTeXJPNkU2WjV3cStpQTdlVVRuL2hpbEY3dlA0TXcrMXJOQ0JDTDFIeXhqanVSSlFtLzVrMmVYOUtCUnZ6ZFRxUXdJM01MMjRqU0ZibU09"
            },
            {
              "title": "Pdrain",
              "url": "https://desustream.com/safelink/linkuz/?id=Uk83OUt2T214S3UwS0VFRnlDNndOcTBuWjVFZzR5QjRNMlc2K20vN01kQzA="
            },
            {
              "title": "Acefile",
              "url": "https://desustream.com/safelink/linkuz/?id=Uk83OUt2T214S3VsSWx3R3pTYW5lYWNtWnBSZ3Z6NDhMUWZ1dUJqMVZPYU03NUZrL2FKUUducjRGUUJ5eCs5RU1CcUdqaEtJNmVGRWpYQlY="
            },
            {
              "title": "GoFile",
              "url": "https://desustream.com/safelink/linkuz/?id=Uk83OUt2T214S3VqTGw4SnlDL3NQcXRtTGQwN3kwWTRkVjA9"
            },
            {
              "title": "Mega",
              "url": "https://desustream.com/safelink/linkuz/?id=Uk83OUt2T214S3VwSkY0QmlpUzRlS0lnSlpkZ3lXQkhMM0tjdW1qZ0NNT2V1Szg4clkxbFBBL1VLZzFqdzlsZ2FuakVtR2Y5c2NZMjJYY2dvRVJIMCtxWHFEWEVPenRPRHc9PQ=="
            },
            {
              "title": "KFiles",
              "url": "https://desustream.com/safelink/linkuz/?id=Uk83OUt2T214S3V2TTFnTHdTU2tQcWdzT3R3czRXSWlhbG02K2dXWk0rS2l3TE5GekloUVFESDRGam80eVBsTGNRPT0="
            }
          ]
        },
        {
          "title": "MKV_480p",
          "size": "74.2 MB",
          "urls": [
            {
              "title": "ODFiles",
              "url": "https://desustream.com/safelink/linkuz/?id=Uk83OUt2T214S3VyTlZnTDBTeXJPNkU2WjV3cStpQTliVm12N0JpcFRMdVI2cFUrMXJOQ0JDTDFIeXhqanVSSlFtLzVrMmVYOUtCUnYwMEs3MGdlZ2NMc29UZUhMV2RXS3hJPQ=="
            },
            {
              "title": "Pdrain",
              "url": "https://desustream.com/safelink/linkuz/?id=Uk83OUt2T214S3UwS0VFRnlDNndOcTBuWjVFZzR5QjRNd0s2eVdhSUVmTys="
            },
            {
              "title": "Acefile",
              "url": "https://desustream.com/safelink/linkuz/?id=Uk83OUt2T214S3VsSWx3R3pTYW5lYWNtWnBSZ3Z6NDhMUWZ1dUJqMFZPYU03NUZrL2FKUUducjRGUUJ5eCs5RU1CcUdqa2pScjZWUjBIQk05QmRR"
            },
            {
              "title": "GoFile",
              "url": "https://desustream.com/safelink/linkuz/?id=Uk83OUt2T214S3VqTGw4SnlDL3NQcXRtTGQwN3kwWTRkVjA9"
            },
            {
              "title": "Mega",
              "url": "https://desustream.com/safelink/linkuz/?id=Uk83OUt2T214S3VwSkY0QmlpUzRlS0lnSlpkZ3hYdGxXRnFHdUhuZ1BNNnc1Y2gyeHAxaVhETDZMR1pWa3VnU1hHNzdxWC9QZzlrbGxrUlErelpUOStHV3BnNkxORHRMQ3c9PQ=="
            },
            {
              "title": "KFiles",
              "url": "https://desustream.com/safelink/linkuz/?id=Uk83OUt2T214S3V2TTFnTHdTU2tQcWdzT3R3czRXSWlhbG02K2dYeEQ4dkszc2trNDZWUFFESDRGam80eVBsTGNRPT0="
            }
          ]
        },
        {
          "title": "MKV_720p",
          "size": "134.8 MB",
          "urls": [
            {
              "title": "ODFiles",
              "url": "https://desustream.com/safelink/linkuz/?id=Uk83OUt2T214S3VyTlZnTDBTeXJPNkU2WjV3cStpQm1aRk9tdmhtdENMelA1SWcrMXJOQ0JDTDFIeXhqanVSSlFtLzVrMmVYOUtCUnYwMEs3MHNVZ2NMc29UZUhMV2RXS3hJPQ=="
            },
            {
              "title": "Pdrain",
              "url": "https://desustream.com/safelink/linkuz/?id=Uk83OUt2T214S3UwS0VFRnlDNndOcTBuWjVFZzR5QjRNMGFTdW42dUxOaVI="
            },
            {
              "title": "Acefile",
              "url": "https://desustream.com/safelink/linkuz/?id=Uk83OUt2T214S3VsSWx3R3pTYW5lYWNtWnBSZ3Z6NDhMUWZ1dUJqN1ZPYU03NUZrL2FKUUducjRGUUJ5eCs5RU1CcUdqa2pScjZaYjBIQk05QmRR"
            },
            {
              "title": "GoFile",
              "url": "https://desustream.com/safelink/linkuz/?id=Uk83OUt2T214S3VqTGw4SnlDL3NQcXRtTGQwN3kwWTRkVjA9"
            },
            {
              "title": "Mega",
              "url": "https://desustream.com/safelink/linkuz/?id=Uk83OUt2T214S3VwSkY0QmlpUzRlS0lnSlpkZzRIeDZSQU9iMlhuZ0t1NjY2czlob1oxeUlnSGpPVzlBMThkeVQwS0h0MGozNGNZZXJtNVl5UkpONjlPYitUK3VkVW9QTlE9PQ=="
            },
            {
              "title": "KFiles",
              "url": "https://desustream.com/safelink/linkuz/?id=Uk83OUt2T214S3V2TTFnTHdTU2tQcWdzT3R3czRXSWlhbG02K2dYeUM3aWR2TWhob0xGSVFESDRGam80eVBsTGNRPT0="
            }
          ]
        },
        {
          "title": "MKV_1080p",
          "size": "235.9 MB",
          "urls": [
            {
              "title": "ODFiles",
              "url": "https://desustream.com/safelink/linkuz/?id=Uk83OUt2T214S3VyTlZnTDBTeXJPNkU2WjV3cStpQjhkZ2JvNUZpN0dmSEJ1NDArMXJOQ0JDTDFIeXhqanVSSlFtLzVrMmVYOUtCUnYwMEs3MDBXaVlLeTRqR2FkU0ZLTWhPUA=="
            },
            {
              "title": "Pdrain",
              "url": "https://desustream.com/safelink/linkuz/?id=Uk83OUt2T214S3UwS0VFRnlDNndOcTBuWjVFZzR5QjRNM1NLd0JLM0tMMjI="
            },
            {
              "title": "Acefile",
              "url": "https://desustream.com/safelink/linkuz/?id=Uk83OUt2T214S3VsSWx3R3pTYW5lYWNtWnBSZ3Z6NDhMUWZ1dUJqNlZPYU03NUZrL2FKUUducjRGUUJ5eCs5RU1CcUdqa2pScjZCWjJEQVJ0QkZOeHc9PQ=="
            },
            {
              "title": "GoFile ",
              "url": "https://desustream.com/safelink/linkuz/?id=Uk83OUt2T214S3VqTGw4SnlDL3NQcXRtTGQwN3kwWTRkVjA9"
            },
            {
              "title": "Mega",
              "url": "https://desustream.com/safelink/linkuz/?id=Uk83OUt2T214S3VwSkY0QmlpUzRlS0lnSlpkZzl6ZEhTbktGdW1QZ1RjVE54cHh6KzRKVkRRTExGVFV2eU94MmRXZkdxVVBBazZBQmhGWlk0eDVvN3RyMXZoT2NYR04zS1E9PQ=="
            },
            {
              "title": "KFiles",
              "url": "https://desustream.com/safelink/linkuz/?id=Uk83OUt2T214S3V2TTFnTHdTU2tQcWdzT3R3czRXSWlhbG02K2dXZ0dieTl3SXByN3Y1WlFESDRGam80eVBsTGNRPT0="
            }
          ]
        }
      ]
    },
    "info": {
      "credit": "Samehadaku",
      "encoder": "Samehadaku",
      "duration": "23 Min",
      "type": "TV",
      "genreList": [
        {
          "title": "Action",
          "genreId": "action",
          "href": "/anime/genre/action",
          "otakudesuUrl": "https://otakudesu.best/genres/action/"
        },
        {
          "title": "Adventure",
          "genreId": "adventure",
          "href": "/anime/genre/adventure",
          "otakudesuUrl": "https://otakudesu.best/genres/adventure/"
        },
        {
          "title": "Comedy",
          "genreId": "comedy",
          "href": "/anime/genre/comedy",
          "otakudesuUrl": "https://otakudesu.best/genres/comedy/"
        },
        {
          "title": "Fantasy",
          "genreId": "fantasy",
          "href": "/anime/genre/fantasy",
          "otakudesuUrl": "https://otakudesu.best/genres/fantasy/"
        },
        {
          "title": "Sci-Fi",
          "genreId": "sci-fi",
          "href": "/anime/genre/sci-fi",
          "otakudesuUrl": "https://otakudesu.best/genres/sci-fi/"
        }
      ],
      "episodeList": [
        {
          "title": "Episode 18",
          "eps": 18,
          "date": "",
          "episodeId": "dgbb-episode-18-sub-indo",
          "href": "/anime/episode/dgbb-episode-18-sub-indo",
          "otakudesuUrl": "https://otakudesu.best/episode/dgbb-episode-18-sub-indo/"
        },
        {
          "title": "Episode 17",
          "eps": 17,
          "date": "",
          "episodeId": "dgbb-episode-17-sub-indo",
          "href": "/anime/episode/dgbb-episode-17-sub-indo",
          "otakudesuUrl": "https://otakudesu.best/episode/dgbb-episode-17-sub-indo/"
        },
        {
          "title": "Episode 16",
          "eps": 16,
          "date": "",
          "episodeId": "dgbb-episode-16-sub-indo",
          "href": "/anime/episode/dgbb-episode-16-sub-indo",
          "otakudesuUrl": "https://otakudesu.best/episode/dgbb-episode-16-sub-indo/"
        },
        {
          "title": "Episode 15",
          "eps": 15,
          "date": "",
          "episodeId": "dgbb-episode-15-sub-indo",
          "href": "/anime/episode/dgbb-episode-15-sub-indo",
          "otakudesuUrl": "https://otakudesu.best/episode/dgbb-episode-15-sub-indo/"
        },
        {
          "title": "Episode 14",
          "eps": 14,
          "date": "",
          "episodeId": "dgbb-episode-14-sub-indo",
          "href": "/anime/episode/dgbb-episode-14-sub-indo",
          "otakudesuUrl": "https://otakudesu.best/episode/dgbb-episode-14-sub-indo/"
        },
        {
          "title": "Episode 13",
          "eps": 13,
          "date": "",
          "episodeId": "dgbb-episode-13-sub-indo",
          "href": "/anime/episode/dgbb-episode-13-sub-indo",
          "otakudesuUrl": "https://otakudesu.best/episode/dgbb-episode-13-sub-indo/"
        },
        {
          "title": "Episode 12",
          "eps": 12,
          "date": "",
          "episodeId": "dgbb-episode-12-sub-indo",
          "href": "/anime/episode/dgbb-episode-12-sub-indo",
          "otakudesuUrl": "https://otakudesu.best/episode/dgbb-episode-12-sub-indo/"
        },
        {
          "title": "Episode 11",
          "eps": 11,
          "date": "",
          "episodeId": "dgbb-episode-11-sub-indo",
          "href": "/anime/episode/dgbb-episode-11-sub-indo",
          "otakudesuUrl": "https://otakudesu.best/episode/dgbb-episode-11-sub-indo/"
        },
        {
          "title": "Episode 10",
          "eps": 10,
          "date": "",
          "episodeId": "dgbb-episode-10-sub-indo",
          "href": "/anime/episode/dgbb-episode-10-sub-indo",
          "otakudesuUrl": "https://otakudesu.best/episode/dgbb-episode-10-sub-indo/"
        },
        {
          "title": "Episode 9",
          "eps": 9,
          "date": "",
          "episodeId": "dgbb-episode-9-sub-indo",
          "href": "/anime/episode/dgbb-episode-9-sub-indo",
          "otakudesuUrl": "https://otakudesu.best/episode/dgbb-episode-9-sub-indo/"
        },
        {
          "title": "Episode 8",
          "eps": 8,
          "date": "",
          "episodeId": "dgbb-episode-8-sub-indo",
          "href": "/anime/episode/dgbb-episode-8-sub-indo",
          "otakudesuUrl": "https://otakudesu.best/episode/dgbb-episode-8-sub-indo/"
        },
        {
          "title": "Episode 7",
          "eps": 7,
          "date": "",
          "episodeId": "dgbb-episode-7-sub-indo",
          "href": "/anime/episode/dgbb-episode-7-sub-indo",
          "otakudesuUrl": "https://otakudesu.best/episode/dgbb-episode-7-sub-indo/"
        },
        {
          "title": "Episode 6",
          "eps": 6,
          "date": "",
          "episodeId": "dgbb-episode-6-sub-indo",
          "href": "/anime/episode/dgbb-episode-6-sub-indo",
          "otakudesuUrl": "https://otakudesu.best/episode/dgbb-episode-6-sub-indo/"
        },
        {
          "title": "Episode 5",
          "eps": 5,
          "date": "",
          "episodeId": "dgbb-episode-5-sub-indo",
          "href": "/anime/episode/dgbb-episode-5-sub-indo",
          "otakudesuUrl": "https://otakudesu.best/episode/dgbb-episode-5-sub-indo/"
        },
        {
          "title": "Episode 4",
          "eps": 4,
          "date": "",
          "episodeId": "dgbb-episode-4-sub-indo",
          "href": "/anime/episode/dgbb-episode-4-sub-indo",
          "otakudesuUrl": "https://otakudesu.best/episode/dgbb-episode-4-sub-indo/"
        },
        {
          "title": "Episode 3",
          "eps": 3,
          "date": "",
          "episodeId": "dgbb-episode-3-sub-indo",
          "href": "/anime/episode/dgbb-episode-3-sub-indo",
          "otakudesuUrl": "https://otakudesu.best/episode/dgbb-episode-3-sub-indo/"
        },
        {
          "title": "Episode 2",
          "eps": 2,
          "date": "",
          "episodeId": "dgbb-episode-2-sub-indo",
          "href": "/anime/episode/dgbb-episode-2-sub-indo",
          "otakudesuUrl": "https://otakudesu.best/episode/dgbb-episode-2-sub-indo/"
        },
        {
          "title": "Episode 1",
          "eps": 1,
          "date": "",
          "episodeId": "dgbb-episode-1-sub-indo",
          "href": "/anime/episode/dgbb-episode-1-sub-indo",
          "otakudesuUrl": "https://otakudesu.best/episode/dgbb-episode-1-sub-indo/"
        }
      ]
    }
  },
  "pagination": null
}