{
  "status": "success",
  "creator": "Sanka Vollerei",
  "statusCode": 200,
  "statusMessage": "OK",
  "message": "",
  "ok": true,
  "data": {
    "title": "Ikoku Nikki",
    "poster": "https://otakudesu.best/wp-content/uploads/2026/01/Ikoku-Nikki-Sub.jpg",
    "japanese": "違国日記",
    "score": "",
    "producers": "Pony Canyon",
    "type": "TV",
    "status": "Ongoing",
    "episodes": null,
    "duration": "23 Min.",
    "aired": "Jan 04, 2026",
    "studios": "Shuka",
    "batch": null,
    "synopsis": {
      "paragraphs": [
        "Mengisahkan Makio Koudai yang kini merawat keponakannya bernama Asa. Sebelum bersama Koudai, Asa telah tinggal terlebih dahulu di tempat tinggal kerabatnya. Namun, ia sering berpindah tempat.",
        "Di hari pertamanya tinggal bersama, Koudai menyadari bahwa Asa merupakan anak yang sangat pemalu. Kepribadiannya tersebut ternyata membuat Asa memang tidak cocok untuk tinggal dengan kerabatnya dulu.",
        "Kini, kehidupan antara Makio yang telah dewasa dan juga Asa dengan kepribadiannya yang pemalu.",
        " "
      ],
      "connections": []
    },
    "genreList": [
      {
        "title": "Drama",
        "genreId": "drama",
        "href": "/anime/genre/drama",
        "otakudesuUrl": "https://otakudesu.best/genres/drama/"
      },
      {
        "title": "Josei",
        "genreId": "josei",
        "href": "/anime/genre/josei",
        "otakudesuUrl": "https://otakudesu.best/genres/josei/"
      }
    ],
    "episodeList": [
      {
        "title": "Ikoku Nikki Episode 6 Subtitle Indonesia",
        "eps": 6,
        "date": "9 Februari,2026",
        "episodeId": "iknk-episode-6-sub-indo",
        "href": "/anime/episode/iknk-episode-6-sub-indo",
        "otakudesuUrl": "https://otakudesu.best/episode/iknk-episode-6-sub-indo/"
      },
      {
        "title": "Ikoku Nikki Episode 5 Subtitle Indonesia",
        "eps": 5,
        "date": "2 Februari,2026",
        "episodeId": "iknk-episode-5-sub-indo",
        "href": "/anime/episode/iknk-episode-5-sub-indo",
        "otakudesuUrl": "https://otakudesu.best/episode/iknk-episode-5-sub-indo/"
      },
      {
        "title": "Ikoku Nikki Episode 4 Subtitle Indonesia",
        "eps": 4,
        "date": "26 Januari,2026",
        "episodeId": "iknk-episode-4-sub-indo",
        "href": "/anime/episode/iknk-episode-4-sub-indo",
        "otakudesuUrl": "https://otakudesu.best/episode/iknk-episode-4-sub-indo/"
      },
      {
        "title": "Ikoku Nikki Episode 3 Subtitle Indonesia",
        "eps": 3,
        "date": "19 Januari,2026",
        "episodeId": "iknk-episode-3-sub-indo",
        "href": "/anime/episode/iknk-episode-3-sub-indo",
        "otakudesuUrl": "https://otakudesu.best/episode/iknk-episode-3-sub-indo/"
      },
      {
        "title": "Ikoku Nikki Episode 2 Subtitle Indonesia",
        "eps": 2,
        "date": "11 Januari,2026",
        "episodeId": "iknk-episode-2-sub-indo",
        "href": "/anime/episode/iknk-episode-2-sub-indo",
        "otakudesuUrl": "https://otakudesu.best/episode/iknk-episode-2-sub-indo/"
      },
      {
        "title": "Ikoku Nikki Episode 1 Subtitle Indonesia",
        "eps": 1,
        "date": "4 Januari,2026",
        "episodeId": "iknk-episode-1-sub-indo",
        "href": "/anime/episode/iknk-episode-1-sub-indo",
        "otakudesuUrl": "https://otakudesu.best/episode/iknk-episode-1-sub-indo/"
      }
    ],
    "recommendedAnimeList": [
      {
        "title": "Towa no Yuugure",
        "poster": "https://otakudesu.best/wp-content/uploads/2026/02/Towa-no-Yuugure-Sub-Indo.jpg",
        "animeId": "towa-yuugure-sub-indo",
        "href": "/anime/anime/towa-yuugure-sub-indo",
        "otakudesuUrl": "https://otakudesu.best/anime/towa-yuugure-sub-indo/"
      },
      {
        "title": "Wandance",
        "poster": "https://otakudesu.best/wp-content/uploads/2026/01/Wandance-Sub-Indo.jpg",
        "animeId": "wandnce-sub-indo",
        "href": "/anime/anime/wandnce-sub-indo",
        "otakudesuUrl": "https://otakudesu.best/anime/wandnce-sub-indo/"
      },
      {
        "title": "Nageki no Bourei wa Intai shitai Season 2",
        "poster": "https://otakudesu.best/wp-content/uploads/2026/01/Nageki-no-Bourei-wa-Intai-shitai-Season-2-Sub-Indo.jpg",
        "animeId": "ageki-bourei-intai-shitai-s2-sub-indo",
        "href": "/anime/anime/ageki-bourei-intai-shitai-s2-sub-indo",
        "otakudesuUrl": "https://otakudesu.best/anime/ageki-bourei-intai-shitai-s2-sub-indo/"
      },
      {
        "title": "Chichi wa Eiyuu, Haha wa Seirei, Musume no Watashi wa Tenseisha.",
        "poster": "https://otakudesu.best/wp-content/uploads/2026/01/Chichi-wa-Eiyuu-Haha-wa-Seirei-Musume-no-Watashi-wa-Tenseisha.-Sub-Indo.jpg",
        "animeId": "chichi-haha-seirei-sub-indo",
        "href": "/anime/anime/chichi-haha-seirei-sub-indo",
        "otakudesuUrl": "https://otakudesu.best/anime/chichi-haha-seirei-sub-indo/"
      },
      {
        "title": "Mugen Gacha",
        "poster": "https://otakudesu.best/wp-content/uploads/2026/01/Mugen-Gacha-Sub-Indo.jpg",
        "animeId": "mugen-gacha-sub-indo",
        "href": "/anime/anime/mugen-gacha-sub-indo",
        "otakudesuUrl": "https://otakudesu.best/anime/mugen-gacha-sub-indo/"
      }
    ]
  },
  "pagination": null
}