{
  "status": "success",
  "creator": "Sanka Vollerei",
  "statusCode": 200,
  "statusMessage": "OK",
  "message": "",
  "ok": true,
  "data": {
    "title": "Goumon Baito-kun no Nichijou Episode 4 Subtitle Indonesia",
    "animeId": "goumon-baito-sub-indo",
    "releaseTime": "Release on 1:31 am",
    "defaultStreamingUrl": "https://str.desustream.com/dstream/ondesu3/v5/index.php?id=azZWa0k0RklQck1xc1pUYzVsZGdPQT09",
    "hasPrevEpisode": true,
    "prevEpisode": {
      "title": "Prev",
      "episodeId": "gbn-episode-3-sub-indo",
      "href": "/anime/episode/gbn-episode-3-sub-indo",
      "otakudesuUrl": "https://otakudesu.best/episode/gbn-episode-3-sub-indo/"
    },
    "hasNextEpisode": true,
    "nextEpisode": {
      "title": "Next",
      "episodeId": "gbn-episode-5-sub-indo",
      "href": "/anime/episode/gbn-episode-5-sub-indo",
      "otakudesuUrl": "https://otakudesu.best/episode/gbn-episode-5-sub-indo/"
    },
    "server": {
      "qualities": [
        {
          "title": "360p",
          "serverList": [
            {
              "title": "vidhide",
              "serverId": "6E7BD8-5-8B5u",
              "href": "/anime/server/6E7BD8-5-8B5u"
            },
            {
              "title": "filedon",
              "serverId": "6E7BD8-6-8B5u",
              "href": "/anime/server/6E7BD8-6-8B5u"
            },
            {
              "title": "mega",
              "serverId": "6E7BD8-7-8B5u",
              "href": "/anime/server/6E7BD8-7-8B5u"
            }
          ]
        },
        {
          "title": "480p",
          "serverList": [
            {
              "title": "ondesu3",
              "serverId": "6E7BD8-5-9D5u",
              "href": "/anime/server/6E7BD8-5-9D5u"
            },
            {
              "title": "vidhide",
              "serverId": "6E7BD8-6-9D5u",
              "href": "/anime/server/6E7BD8-6-9D5u"
            },
            {
              "title": "filedon",
              "serverId": "6E7BD8-7-9D5u",
              "href": "/anime/server/6E7BD8-7-9D5u"
            },
            {
              "title": "mega",
              "serverId": "6E7BD8-8-9D5u",
              "href": "/anime/server/6E7BD8-8-9D5u"
            }
          ]
        },
        {
          "title": "720p",
          "serverList": [
            {
              "title": "ondesuhd ",
              "serverId": "6E7BD8-5-C75u",
              "href": "/anime/server/6E7BD8-5-C75u"
            },
            {
              "title": "filedon ",
              "serverId": "6E7BD8-6-C75u",
              "href": "/anime/server/6E7BD8-6-C75u"
            },
            {
              "title": "vidhide ",
              "serverId": "6E7BD8-7-C75u",
              "href": "/anime/server/6E7BD8-7-C75u"
            },
            {
              "title": "mega ",
              "serverId": "6E7BD8-8-C75u",
              "href": "/anime/server/6E7BD8-8-C75u"
            }
          ]
        }
      ]
    },
    "downloadUrl": {
      "qualities": [
        {
          "title": "Mp4_360p",
          "size": "41.0 MB",
          "urls": [
            {
              "title": "ODFiles",
              "url": "https://desustream.com/safelink/linkuz/?id=Uk83OUt2T214S3VyTlZnTDBTeXJPNkU2WjV3cStpQThlVWpxL3gyekZMaU52WnMrMXJOQ0JDTDFIeXhqanVSSlFtejhuMnVYOUtGZHZ6TlhxUXdJM01MMjRqU0ZibU09"
            },
            {
              "title": "Pdrain",
              "url": "https://desustream.com/safelink/linkuz/?id=Uk83OUt2T214S3UwS0VFRnlDNndOcTBuWjVFZzR5QjRNMTJwdzJud0Q4dXA="
            },
            {
              "title": "Acefile",
              "url": "https://desustream.com/safelink/linkuz/?id=Uk83OUt2T214S3VsSWx3R3pTYW5lYWNtWnBSZ3Z6NDhMQWp1dXh2eVZPYU03NUZrL2FKUUducjRGUUJ4d3VOSU1CdUtqaGFNNmVGRWpYQlY="
            },
            {
              "title": "GoFile",
              "url": "https://desustream.com/safelink/linkuz/?id=Uk83OUt2T214S3VqTGw4SnlDL3NQcXRtTGQwNTYyRjBYZ2c9"
            },
            {
              "title": "Mega",
              "url": "https://desustream.com/safelink/linkuz/?id=Uk83OUt2T214S3VwSkY0QmlpUzRlS0lnSlpkZytHTk1TMG0reDNuZ1BmSE11OWRDODZFV0NpUGtGR292eFBnUWZCbi81MXp3dnVoUm1HOGowVXBFNklxVStIR3dlVUZUTVE9PQ=="
            },
            {
              "title": "KFiles",
              "url": "https://desustream.com/safelink/linkuz/?id=Uk83OUt2T214S3V2TTFnTHdTU2tQcWdzT3R3czRXSWlhbG02K2dXQUsrS2N1cFZGOGExaVFESDRGam80eVBsTGNRPT0="
            }
          ]
        },
        {
          "title": "Mp4_480p",
          "size": "74.9 MB",
          "urls": [
            {
              "title": "ODFiles",
              "url": "https://desustream.com/safelink/linkuz/?id=Uk83OUt2T214S3VyTlZnTDBTeXJPNkU2WjV3cStpQmlMMG0zNEJMMEV1U1p0NXcrMXJOQ0JDTDFIeXhqanVSSlFtejhuMnVYOUtGZHZ6UlpxUXdJM01MMjRqU0ZibU09"
            },
            {
              "title": "Pdrain",
              "url": "https://desustream.com/safelink/linkuz/?id=Uk83OUt2T214S3UwS0VFRnlDNndOcTBuWjVFZzR5QjRNMEdtNzNxbE04eS8="
            },
            {
              "title": "Acefile",
              "url": "https://desustream.com/safelink/linkuz/?id=Uk83OUt2T214S3VsSWx3R3pTYW5lYWNtWnBSZ3Z6NDhMQWp1dXh2eFZPYU03NUZrL2FKUUducjRGUUJ4d3VOSU1CdUtqaEdDNmVGRWpYQlY="
            },
            {
              "title": "GoFile",
              "url": "https://desustream.com/safelink/linkuz/?id=Uk83OUt2T214S3VqTGw4SnlDL3NQcXRtTGQwNTYyRjBYZ2c9"
            },
            {
              "title": "Mega",
              "url": "https://desustream.com/safelink/linkuz/?id=Uk83OUt2T214S3VwSkY0QmlpUzRlS0lnSlpkZ3dudFVTSFdPMTJEZ0hyaXYrcElqNmJVYUltS2dNZ3RWeUxwcldSM011VURmaHFZdzAwSUMzeFpWNXNHdmhoV3ljaloyRXc9PQ=="
            },
            {
              "title": "KFiles",
              "url": "https://desustream.com/safelink/linkuz/?id=Uk83OUt2T214S3V2TTFnTHdTU2tQcWdzT3R3czRXSWlhbG02K2dXS09kaTI2SzlwMzVjVlFESDRGam80eVBsTGNRPT0="
            }
          ]
        },
        {
          "title": "Mp4_720p",
          "size": "135.9 MB",
          "urls": [
            {
              "title": "ODFiles",
              "url": "https://desustream.com/safelink/linkuz/?id=Uk83OUt2T214S3VyTlZnTDBTeXJPNkU2WjV3cStpQTVaZ0dzdnh6MVNmN0x0OE0rMXJOQ0JDTDFIeXhqanVSSlFtejhuMnVYOUtGZHZ6ZFRxUXdJM01MMjRqU0ZibU09"
            },
            {
              "title": "Pdrain",
              "url": "https://desustream.com/safelink/linkuz/?id=Uk83OUt2T214S3UwS0VFRnlDNndOcTBuWjVFZzR5QjRNMUs4NlJPMlNmQ3c="
            },
            {
              "title": "Acefile",
              "url": "https://desustream.com/safelink/linkuz/?id=Uk83OUt2T214S3VsSWx3R3pTYW5lYWNtWnBSZ3Z6NDhMQWp1dXh2d1ZPYU03NUZrL2FKUUducjRGUUJ4d3VOSU1CdUtqaEtJNmVGRWpYQlY="
            },
            {
              "title": "GoFile",
              "url": "https://desustream.com/safelink/linkuz/?id=Uk83OUt2T214S3VqTGw4SnlDL3NQcXRtTGQwNTYyRjBYZ2c9"
            },
            {
              "title": "Mega",
              "url": "https://desustream.com/safelink/linkuz/?id=Uk83OUt2T214S3VwSkY0QmlpUzRlS0lnSlpkZzQyZFhhd09WLzI3Z09MK0E3SlpFeW9wc1B4NmhNaEpoMHZsMGQyM0x2a1NQaXRZQm1HNHE5emhJZ09XSG9CR2NaMjVVZGc9PQ=="
            },
            {
              "title": "KFiles",
              "url": "https://desustream.com/safelink/linkuz/?id=Uk83OUt2T214S3V2TTFnTHdTU2tQcWdzT3R3czRXSWlhbG02K2dXRU9QaTgyOE1nOGZaUVFESDRGam80eVBsTGNRPT0="
            }
          ]
        },
        {
          "title": "MKV_480p",
          "size": "74.7 MB",
          "urls": [
            {
              "title": "ODFiles",
              "url": "https://desustream.com/safelink/linkuz/?id=Uk83OUt2T214S3VyTlZnTDBTeXJPNkU2WjV3cStpQTRjbG5uK2w2d1RycVQ3STQrMXJOQ0JDTDFIeXhqanVSSlFtejhuMnVYOUtGZHYwMEs3MGdlZ2NMc29UZUhMV2RXS3hJPQ=="
            },
            {
              "title": "Pdrain",
              "url": "https://desustream.com/safelink/linkuz/?id=Uk83OUt2T214S3UwS0VFRnlDNndOcTBuWjVFZzR5QjRNM1dYd1YrT1RiQ3I="
            },
            {
              "title": "Acefile ",
              "url": "https://desustream.com/safelink/linkuz/?id=Uk83OUt2T214S3VsSWx3R3pTYW5lYWNtWnBSZ3Z6NDhMQWp1dXh2M1ZPYU03NUZrL2FKUUducjRGUUJ4d3VOSU1CdUtqa2pScjZWUjBIQk05QmRR"
            },
            {
              "title": "GoFile",
              "url": "https://desustream.com/safelink/linkuz/?id=Uk83OUt2T214S3VqTGw4SnlDL3NQcXRtTGQwNTYyRjBYZ2c9"
            },
            {
              "title": "Mega",
              "url": "https://desustream.com/safelink/linkuz/?id=Uk83OUt2T214S3VwSkY0QmlpUzRlS0lnSlpkZ3hXUnFXSEtld1hEZ1R2aU10b01pNnA1Wk9UK2lEak03OGVwVGEyYU9sMS9nN3ZBeDAxWW5xdzVYd3Z6dmxDV1RjRmxCRXc9PQ=="
            },
            {
              "title": "KFiles",
              "url": "https://desustream.com/safelink/linkuz/?id=Uk83OUt2T214S3V2TTFnTHdTU2tQcWdzT3R3czRXSWlhbG02K2dXc1MvT2J3SjUxcVpKMFFESDRGam80eVBsTGNRPT0="
            }
          ]
        },
        {
          "title": "MKV_720p",
          "size": "135.6 MB",
          "urls": [
            {
              "title": "ODFiles",
              "url": "https://desustream.com/safelink/linkuz/?id=Uk83OUt2T214S3VyTlZnTDBTeXJPNkU2WjV3cStpQnNhVnk2NzF6elNQUEk5b2crMXJOQ0JDTDFIeXhqanVSSlFtejhuMnVYOUtGZHYwMEs3MHNVZ2NMc29UZUhMV2RXS3hJPQ=="
            },
            {
              "title": "Pdrain",
              "url": "https://desustream.com/safelink/linkuz/?id=Uk83OUt2T214S3UwS0VFRnlDNndOcTBuWjVFZzR5QjRNMEN1K1gvNkRmdWI="
            },
            {
              "title": "Acefile",
              "url": "https://desustream.com/safelink/linkuz/?id=Uk83OUt2T214S3VsSWx3R3pTYW5lYWNtWnBSZ3Z6NDhMQWp1dXh2MlZPYU03NUZrL2FKUUducjRGUUJ4d3VOSU1CdUtqa2pScjZaYjBIQk05QmRR"
            },
            {
              "title": "GoFile ",
              "url": "https://desustream.com/safelink/linkuz/?id=Uk83OUt2T214S3VqTGw4SnlDL3NQcXRtTGQwNTYyRjBYZ2c9"
            },
            {
              "title": "Mega",
              "url": "https://desustream.com/safelink/linkuz/?id=Uk83OUt2T214S3VwSkY0QmlpUzRlS0lnSlpkZzZIeDlXMmllMzNuZ0l2dk92NHBGNjU5eUJnRFpGeTU3eWVGcmIyclltRmFOdThKZjBrc080VkZxeHZQMG5CYWJNajRiRXc9PQ=="
            },
            {
              "title": "KFiles",
              "url": "https://desustream.com/safelink/linkuz/?id=Uk83OUt2T214S3V2TTFnTHdTU2tQcWdzT3R3czRXSWlhbG02K2dXd0k3NmI3NU5ZNDdSMFFESDRGam80eVBsTGNRPT0="
            }
          ]
        },
        {
          "title": "MKV_1080p",
          "size": "237.3 MB",
          "urls": [
            {
              "title": "ODFiles",
              "url": "https://desustream.com/safelink/linkuz/?id=Uk83OUt2T214S3VyTlZnTDBTeXJPNkU2WjV3cStpQjhaVmE0dmxpaURMdU45cEErMXJOQ0JDTDFIeXhqanVSSlFtejhuMnVYOUtGZHYwMEs3MDBXaVlLeTRqR2FkU0ZLTWhPUA=="
            },
            {
              "title": "Pdrain",
              "url": "https://desustream.com/safelink/linkuz/?id=Uk83OUt2T214S3UwS0VFRnlDNndOcTBuWjVFZzR5QjRNMUt2eW1EeExOQ3Y="
            },
            {
              "title": "Acefile",
              "url": "https://desustream.com/safelink/linkuz/?id=Uk83OUt2T214S3VsSWx3R3pTYW5lYWNtWnBSZ3Z6NDhMQWp1dXg3d1ZPYU03NUZrL2FKUUducjRGUUJ4d3VOSU1CdUtqa2pScjZCWjJEQVJ0QkZOeHc9PQ=="
            },
            {
              "title": "GoFile",
              "url": "https://desustream.com/safelink/linkuz/?id=Uk83OUt2T214S3VqTGw4SnlDL3NQcXRtTGQwNnoxVlpMMzA9"
            },
            {
              "title": "Mega",
              "url": "https://desustream.com/safelink/linkuz/?id=Uk83OUt2T214S3VwSkY0QmlpUzRlS0lnSlpkZ3ZIYzVjRWlGeVdIZ1R1U3g0b01tOWI5U0lUeWhFeHBPMTd0dFNFcnBsbVRjdnQ4QmszZFdyUzlvOHZtdjlEYUVPenBVTlE9PQ=="
            },
            {
              "title": "KFiles",
              "url": "https://desustream.com/safelink/linkuz/?id=Uk83OUt2T214S3V2TTFnTHdTU2tQcWdzT3R3czRXSWlhbG02K2dYd0R0dVY1Yzkrdy9ZUVFESDRGam80eVBsTGNRPT0="
            }
          ]
        }
      ]
    },
    "info": {
      "credit": "Samehadaku",
      "encoder": "Samehadaku",
      "duration": "23 min. per ep.",
      "type": "TV",
      "genreList": [
        {
          "title": "Comedy",
          "genreId": "comedy",
          "href": "/anime/genre/comedy",
          "otakudesuUrl": "https://otakudesu.best/genres/comedy/"
        }
      ],
      "episodeList": [
        {
          "title": "Episode 6",
          "eps": 6,
          "date": "",
          "episodeId": "gbn-episode-6-sub-indo",
          "href": "/anime/episode/gbn-episode-6-sub-indo",
          "otakudesuUrl": "https://otakudesu.best/episode/gbn-episode-6-sub-indo/"
        },
        {
          "title": "Episode 5",
          "eps": 5,
          "date": "",
          "episodeId": "gbn-episode-5-sub-indo",
          "href": "/anime/episode/gbn-episode-5-sub-indo",
          "otakudesuUrl": "https://otakudesu.best/episode/gbn-episode-5-sub-indo/"
        },
        {
          "title": "Episode 4",
          "eps": 4,
          "date": "",
          "episodeId": "gbn-episode-4-sub-indo",
          "href": "/anime/episode/gbn-episode-4-sub-indo",
          "otakudesuUrl": "https://otakudesu.best/episode/gbn-episode-4-sub-indo/"
        },
        {
          "title": "Episode 3",
          "eps": 3,
          "date": "",
          "episodeId": "gbn-episode-3-sub-indo",
          "href": "/anime/episode/gbn-episode-3-sub-indo",
          "otakudesuUrl": "https://otakudesu.best/episode/gbn-episode-3-sub-indo/"
        },
        {
          "title": "Episode 2",
          "eps": 2,
          "date": "",
          "episodeId": "gbn-episode-2-sub-indo",
          "href": "/anime/episode/gbn-episode-2-sub-indo",
          "otakudesuUrl": "https://otakudesu.best/episode/gbn-episode-2-sub-indo/"
        },
        {
          "title": "Episode 1",
          "eps": 1,
          "date": "",
          "episodeId": "gbn-episode-1-sub-indo",
          "href": "/anime/episode/gbn-episode-1-sub-indo",
          "otakudesuUrl": "https://otakudesu.best/episode/gbn-episode-1-sub-indo/"
        }
      ]
    }
  },
  "pagination": null
}