{
  "status": "success",
  "creator": "Sanka Vollerei",
  "statusCode": 200,
  "statusMessage": "OK",
  "message": "",
  "ok": true,
  "data": {
    "animeList": [
      {
        "title": "Himesama “Goumon” no Jikan desu Season 2",
        "poster": "https://otakudesu.best/wp-content/uploads/2026/01/153326.jpg",
        "episodes": 6,
        "releaseDay": "Selasa",
        "latestReleaseDate": "17 Feb",
        "animeId": "goumon-s2-sub-indo",
        "href": "/anime/anime/goumon-s2-sub-indo",
        "otakudesuUrl": "https://otakudesu.best/anime/goumon-s2-sub-indo/"
      },
      {
        "title": "Osananajimi to wa Love Comedy ni Naranai",
        "poster": "https://otakudesu.best/wp-content/uploads/2026/01/Osananajimi-to-wa-Love-Comedy-ni-Naranai.jpg",
        "episodes": 7,
        "releaseDay": "Selasa",
        "latestReleaseDate": "17 Feb",
        "animeId": "osananajimi-love-comedy-sub-indo",
        "href": "/anime/anime/osananajimi-love-comedy-sub-indo",
        "otakudesuUrl": "https://otakudesu.best/anime/osananajimi-love-comedy-sub-indo/"
      },
      {
        "title": "Golden Kamuy Season 5",
        "poster": "https://otakudesu.best/wp-content/uploads/2026/01/154763.jpg",
        "episodes": 7,
        "releaseDay": "Selasa",
        "latestReleaseDate": "17 Feb",
        "animeId": "kamuy-golden-season-5-sub-indo",
        "href": "/anime/anime/kamuy-golden-season-5-sub-indo",
        "otakudesuUrl": "https://otakudesu.best/anime/kamuy-golden-season-5-sub-indo/"
      },
      {
        "title": "Kirei ni Shitemoraemasu ka.",
        "poster": "https://otakudesu.best/wp-content/uploads/2026/01/154234.jpg",
        "episodes": 7,
        "releaseDay": "Senin",
        "latestReleaseDate": "16 Feb",
        "animeId": "kirei-shitemoraemasu-sub-indo",
        "href": "/anime/anime/kirei-shitemoraemasu-sub-indo",
        "otakudesuUrl": "https://otakudesu.best/anime/kirei-shitemoraemasu-sub-indo/"
      },
      {
        "title": "Vigilante: Boku no Hero Academia Illegals Season 2",
        "poster": "https://otakudesu.best/wp-content/uploads/2026/01/vigilante-boku-no-hero-academia-illegals-2nd-season-0425f475b8.jpg",
        "episodes": 7,
        "releaseDay": "Senin",
        "latestReleaseDate": "16 Feb",
        "animeId": "vigilante-bnh-academia-illegals-s2-sub-indo",
        "href": "/anime/anime/vigilante-bnh-academia-illegals-s2-sub-indo",
        "otakudesuUrl": "https://otakudesu.best/anime/vigilante-bnh-academia-illegals-s2-sub-indo/"
      },
      {
        "title": "Goumon Baito-kun no Nichijou",
        "poster": "https://otakudesu.best/wp-content/uploads/2026/01/153380.jpg",
        "episodes": 7,
        "releaseDay": "Senin",
        "latestReleaseDate": "16 Feb",
        "animeId": "goumon-baito-sub-indo",
        "href": "/anime/anime/goumon-baito-sub-indo",
        "otakudesuUrl": "https://otakudesu.best/anime/goumon-baito-sub-indo/"
      },
      {
        "title": "Seihantai na Kimi to Boku",
        "poster": "https://otakudesu.best/wp-content/uploads/2026/01/Seihantai-na-Kimi-to-Boku.jpg",
        "episodes": 6,
        "releaseDay": "Senin",
        "latestReleaseDate": "16 Feb",
        "animeId": "seihantai-kimi-boku-sub-indo",
        "href": "/anime/anime/seihantai-kimi-boku-sub-indo",
        "otakudesuUrl": "https://otakudesu.best/anime/seihantai-kimi-boku-sub-indo/"
      },
      {
        "title": "Ikoku Nikki",
        "poster": "https://otakudesu.best/wp-content/uploads/2026/01/Ikoku-Nikki-Sub.jpg",
        "episodes": 7,
        "releaseDay": "Minggu",
        "latestReleaseDate": "16 Feb",
        "animeId": "ikoku-nikki-sub-indo",
        "href": "/anime/anime/ikoku-nikki-sub-indo",
        "otakudesuUrl": "https://otakudesu.best/anime/ikoku-nikki-sub-indo/"
      },
      {
        "title": "Gnosia",
        "poster": "https://otakudesu.best/wp-content/uploads/2025/10/152352.jpg",
        "episodes": 18,
        "releaseDay": "Minggu",
        "latestReleaseDate": "16 Feb",
        "animeId": "gnosia-sub-indo",
        "href": "/anime/anime/gnosia-sub-indo",
        "otakudesuUrl": "https://otakudesu.best/anime/gnosia-sub-indo/"
      },
      {
        "title": "Kizoku Tensei",
        "poster": "https://otakudesu.best/wp-content/uploads/2026/01/153722.jpg",
        "episodes": 7,
        "releaseDay": "Minggu",
        "latestReleaseDate": "16 Feb",
        "animeId": "kizoku-tensei-subtitle-indonesia",
        "href": "/anime/anime/kizoku-tensei-subtitle-indonesia",
        "otakudesuUrl": "https://otakudesu.best/anime/kizoku-tensei-subtitle-indonesia/"
      },
      {
        "title": "Jigokuraku Season 2",
        "poster": "https://otakudesu.best/wp-content/uploads/2026/01/154456.jpg",
        "episodes": 6,
        "releaseDay": "Minggu",
        "latestReleaseDate": "15 Feb",
        "animeId": "jigokuku-s2-sub-indo",
        "href": "/anime/anime/jigokuku-s2-sub-indo",
        "otakudesuUrl": "https://otakudesu.best/anime/jigokuku-s2-sub-indo/"
      },
      {
        "title": "Hanazakari no Kimitachi e",
        "poster": "https://otakudesu.best/wp-content/uploads/2026/01/152041.jpg",
        "episodes": 8,
        "releaseDay": "Minggu",
        "latestReleaseDate": "15 Feb",
        "animeId": "hanazakari-kimitachi-sub-indo",
        "href": "/anime/anime/hanazakari-kimitachi-sub-indo",
        "otakudesuUrl": "https://otakudesu.best/anime/hanazakari-kimitachi-sub-indo/"
      },
      {
        "title": "Majutsushi Kunon wa Mieteiru",
        "poster": "https://otakudesu.best/wp-content/uploads/2026/01/154459.jpg",
        "episodes": 8,
        "releaseDay": "Minggu",
        "latestReleaseDate": "15 Feb",
        "animeId": "majutsushi-kunon-mieteiru-sub-indo",
        "href": "/anime/anime/majutsushi-kunon-mieteiru-sub-indo",
        "otakudesuUrl": "https://otakudesu.best/anime/majutsushi-kunon-mieteiru-sub-indo/"
      },
      {
        "title": "Ao no Orchestra Season 2",
        "poster": "https://otakudesu.best/wp-content/uploads/2025/10/151796.jpg",
        "episodes": 19,
        "releaseDay": "Minggu",
        "latestReleaseDate": "15 Feb",
        "animeId": "orchestra-s2-sub-indo",
        "href": "/anime/anime/orchestra-s2-sub-indo",
        "otakudesuUrl": "https://otakudesu.best/anime/orchestra-s2-sub-indo/"
      },
      {
        "title": "Uruwashi no Yoi no Tsuki",
        "poster": "https://otakudesu.best/wp-content/uploads/2026/01/Uruwashi-no-Yoi-no-Tsuki.jpg",
        "episodes": 6,
        "releaseDay": "Minggu",
        "latestReleaseDate": "15 Feb",
        "animeId": "uruwashi-yoi-tsuki-sub-indo",
        "href": "/anime/anime/uruwashi-yoi-tsuki-sub-indo",
        "otakudesuUrl": "https://otakudesu.best/anime/uruwashi-yoi-tsuki-sub-indo/"
      },
      {
        "title": "Kaya-chan wa Kowakunai",
        "poster": "https://otakudesu.best/wp-content/uploads/2026/01/153705.jpg",
        "episodes": 6,
        "releaseDay": "Minggu",
        "latestReleaseDate": "15 Feb",
        "animeId": "kaya-chan-kowakunai-sub-indo",
        "href": "/anime/anime/kaya-chan-kowakunai-sub-indo",
        "otakudesuUrl": "https://otakudesu.best/anime/kaya-chan-kowakunai-sub-indo/"
      },
      {
        "title": "SI-VIS: The Sound of Heroes",
        "poster": "https://otakudesu.best/wp-content/uploads/2025/10/151178.jpg",
        "episodes": 19,
        "releaseDay": "Minggu",
        "latestReleaseDate": "15 Feb",
        "animeId": "si-vis-sub-indo",
        "href": "/anime/anime/si-vis-sub-indo",
        "otakudesuUrl": "https://otakudesu.best/anime/si-vis-sub-indo/"
      },
      {
        "title": "Digimon Beatbreak",
        "poster": "https://otakudesu.best/wp-content/uploads/2025/10/Digimon-Beatbreak.jpg",
        "episodes": 19,
        "releaseDay": "Minggu",
        "latestReleaseDate": "15 Feb",
        "animeId": "digimon-bb-sub-indo",
        "href": "/anime/anime/digimon-bb-sub-indo",
        "otakudesuUrl": "https://otakudesu.best/anime/digimon-bb-sub-indo/"
      },
      {
        "title": "Toujima Tanzaburou wa Kamen Rider ni Naritai",
        "poster": "https://otakudesu.best/wp-content/uploads/2025/10/Toujima-Tanzaburou-wa-Kamen-Rider-ni-Naritai-Sub-Indo.jpg",
        "episodes": 19,
        "releaseDay": "Selasa",
        "latestReleaseDate": "15 Feb",
        "animeId": "toujima-tanzaburou-wa-kamen-rider-ni-naritai-sub-indo",
        "href": "/anime/anime/toujima-tanzaburou-wa-kamen-rider-ni-naritai-sub-indo",
        "otakudesuUrl": "https://otakudesu.best/anime/toujima-tanzaburou-wa-kamen-rider-ni-naritai-sub-indo/"
      },
      {
        "title": "Medalist Season 2",
        "poster": "https://otakudesu.best/wp-content/uploads/2026/01/medalist-2nd-season-ce42515a919d92779c8ab76111b8085d.jpg",
        "episodes": 4,
        "releaseDay": "Minggu",
        "latestReleaseDate": "15 Feb",
        "animeId": "medalist-s2-sub-indo",
        "href": "/anime/anime/medalist-s2-sub-indo",
        "otakudesuUrl": "https://otakudesu.best/anime/medalist-s2-sub-indo/"
      },
      {
        "title": "Yuusha no Kuzu",
        "poster": "https://otakudesu.best/wp-content/uploads/2026/01/Yuusha-no-Kuzu.jpg",
        "episodes": 6,
        "releaseDay": "Sabtu",
        "latestReleaseDate": "15 Feb",
        "animeId": "yuusha-kuzu-sub-indo",
        "href": "/anime/anime/yuusha-kuzu-sub-indo",
        "otakudesuUrl": "https://otakudesu.best/anime/yuusha-kuzu-sub-indo/"
      },
      {
        "title": "Trigun Stargaze",
        "poster": "https://otakudesu.best/wp-content/uploads/2026/01/154541.jpg",
        "episodes": 6,
        "releaseDay": "Sabtu",
        "latestReleaseDate": "15 Feb",
        "animeId": "trigun-stargaze-sub-indo",
        "href": "/anime/anime/trigun-stargaze-sub-indo",
        "otakudesuUrl": "https://otakudesu.best/anime/trigun-stargaze-sub-indo/"
      },
      {
        "title": "Dead Account",
        "poster": "https://otakudesu.best/wp-content/uploads/2026/01/154192.jpg",
        "episodes": 6,
        "releaseDay": "Sabtu",
        "latestReleaseDate": "15 Feb",
        "animeId": "dead-account-sub-indo",
        "href": "/anime/anime/dead-account-sub-indo",
        "otakudesuUrl": "https://otakudesu.best/anime/dead-account-sub-indo/"
      },
      {
        "title": "Jingai Kyoushitsu no Ningengirai Kyoushi",
        "poster": "https://otakudesu.best/wp-content/uploads/2026/01/154934.jpg",
        "episodes": 6,
        "releaseDay": "Sabtu",
        "latestReleaseDate": "14 Feb",
        "animeId": "jingai-kyoushitsu-ningengirai-kyoushi-sub-indo",
        "href": "/anime/anime/jingai-kyoushitsu-ningengirai-kyoushi-sub-indo",
        "otakudesuUrl": "https://otakudesu.best/anime/jingai-kyoushitsu-ningengirai-kyoushi-sub-indo/"
      },
      {
        "title": "Tensei shitara Dragon no Tamago datta",
        "poster": "https://otakudesu.best/wp-content/uploads/2026/01/Tensei-shitara-Dragon-no-Tamago-datta.jpg",
        "episodes": 6,
        "releaseDay": "Sabtu",
        "latestReleaseDate": "14 Feb",
        "animeId": "tensei-shitara-dragon-tamago-sub-indo",
        "href": "/anime/anime/tensei-shitara-dragon-tamago-sub-indo",
        "otakudesuUrl": "https://otakudesu.best/anime/tensei-shitara-dragon-tamago-sub-indo/"
      }
    ]
  },
  "pagination": {
    "currentPage": 1,
    "hasPrevPage": false,
    "prevPage": null,
    "hasNextPage": true,
    "nextPage": 2,
    "totalPages": 6
  }
}