{
  "status": "success",
  "creator": "Sanka Vollerei",
  "statusCode": 200,
  "statusMessage": "OK",
  "message": "",
  "ok": true,
  "data": {
    "title": "Kizoku Tensei Episode 1 Subtitle Indonesia",
    "animeId": "kizoku-tensei-subtitle-indonesia",
    "releaseTime": "Release on 12:51 am",
    "defaultStreamingUrl": "https://str.desustream.com/dstream/ondesu/v5/index.php?id=enpwdm5QSDR1UTc0MjJ6b3Q3OHgzZz09",
    "hasPrevEpisode": false,
    "prevEpisode": null,
    "hasNextEpisode": true,
    "nextEpisode": {
      "title": "Next",
      "episodeId": "ktmk-episode-2-sub-indo",
      "href": "/anime/episode/ktmk-episode-2-sub-indo",
      "otakudesuUrl": "https://otakudesu.best/episode/ktmk-episode-2-sub-indo/"
    },
    "server": {
      "qualities": [
        {
          "title": "360p",
          "serverList": [
            {
              "title": "vidhide",
              "serverId": "6E6AE5-5-8B5u",
              "href": "/anime/server/6E6AE5-5-8B5u"
            },
            {
              "title": "filedon",
              "serverId": "6E6AE5-6-8B5u",
              "href": "/anime/server/6E6AE5-6-8B5u"
            },
            {
              "title": "mega",
              "serverId": "6E6AE5-7-8B5u",
              "href": "/anime/server/6E6AE5-7-8B5u"
            }
          ]
        },
        {
          "title": "480p",
          "serverList": [
            {
              "title": "ondesu",
              "serverId": "6E6AE5-5-9D5u",
              "href": "/anime/server/6E6AE5-5-9D5u"
            },
            {
              "title": "vidhide",
              "serverId": "6E6AE5-6-9D5u",
              "href": "/anime/server/6E6AE5-6-9D5u"
            },
            {
              "title": "filedon",
              "serverId": "6E6AE5-7-9D5u",
              "href": "/anime/server/6E6AE5-7-9D5u"
            },
            {
              "title": "mega",
              "serverId": "6E6AE5-8-9D5u",
              "href": "/anime/server/6E6AE5-8-9D5u"
            }
          ]
        },
        {
          "title": "720p",
          "serverList": [
            {
              "title": "filedon ",
              "serverId": "6E6AE5-5-C75u",
              "href": "/anime/server/6E6AE5-5-C75u"
            },
            {
              "title": "ondesuhd ",
              "serverId": "6E6AE5-6-C75u",
              "href": "/anime/server/6E6AE5-6-C75u"
            },
            {
              "title": "vidhide ",
              "serverId": "6E6AE5-7-C75u",
              "href": "/anime/server/6E6AE5-7-C75u"
            },
            {
              "title": "mega ",
              "serverId": "6E6AE5-8-C75u",
              "href": "/anime/server/6E6AE5-8-C75u"
            }
          ]
        }
      ]
    },
    "downloadUrl": {
      "qualities": [
        {
          "title": "Mp4_360p",
          "size": "41.0 MB",
          "urls": [
            {
              "title": "ODFiles",
              "url": "https://desustream.com/safelink/linkuz/?id=Uk83OUt2T214S3VyTlZnTDBTeXJPNkU2WjV3cStpQnFjVjZ0K0VlcEYvR1Urb0krMXJOQ0JDTDFIeXhqanVSSlFtRHFuRzZYOUtGWXZ6TlhxUXdJM01MMjRqU0ZibU09"
            },
            {
              "title": "Pdrain",
              "url": "https://desustream.com/safelink/linkuz/?id=Uk83OUt2T214S3UwS0VFRnlDNndOcTBuWjVFZzR5QjRNMUh1dm1HNUM4S1g="
            },
            {
              "title": "Acefile",
              "url": "https://desustream.com/safelink/linkuz/?id=Uk83OUt2T214S3VsSWx3R3pTYW5lYWNtWnBSZ3Z6NDlKUVB0dXhqM1ZPYU03NUZrL2FKUUducjRGUUI5MU9CTk1CdVBqaGFNNmVGRWpYQlY="
            },
            {
              "title": "GoFile",
              "url": "https://desustream.com/safelink/linkuz/?id=Uk83OUt2T214S3VqTGw4SnlDL3NQcXRtTGQwWDZHMXFXblU9"
            },
            {
              "title": "Mega",
              "url": "https://desustream.com/safelink/linkuz/?id=Uk83OUt2T214S3VwSkY0QmlpUzRlS0lnSlpkZ3dEMWxaVm1ML0VqZ0tzS0k3WlIzODZoSEpoNmpUQmN2amNscE1CekpnQWpnZzlJa3VYTUgyejVvaHRieWp4dUpOVUZKS1E9PQ=="
            },
            {
              "title": "KFiles",
              "url": "https://desustream.com/safelink/linkuz/?id=Uk83OUt2T214S3V2TTFnTHdTU2tQcWdzT3R3czRXSWlhbG02K2dYekRNUyt2TTFGekk1YVFESDRGam80eVBsTGNRPT0="
            }
          ]
        },
        {
          "title": "Mp4_480p",
          "size": "75.0 MB",
          "urls": [
            {
              "title": "ODFiles",
              "url": "https://desustream.com/safelink/linkuz/?id=Uk83OUt2T214S3VyTlZnTDBTeXJPNkU2WjV3cStpQnZid0MxNVZDdUhPdUMrcGMrMXJOQ0JDTDFIeXhqanVSSlFtRHFuRzZYOUtGWXZ6UlpxUXdJM01MMjRqU0ZibU09"
            },
            {
              "title": "Pdrain",
              "url": "https://desustream.com/safelink/linkuz/?id=Uk83OUt2T214S3UwS0VFRnlDNndOcTBuWjVFZzR5QjRNMEdTL1YrM0FydUs="
            },
            {
              "title": "Acefile",
              "url": "https://desustream.com/safelink/linkuz/?id=Uk83OUt2T214S3VsSWx3R3pTYW5lYWNtWnBSZ3Z6NDlKUVB0dXhqMlZPYU03NUZrL2FKUUducjRGUUI5MU9CTk1CdVBqaEdDNmVGRWpYQlY="
            },
            {
              "title": "GoFile",
              "url": "https://desustream.com/safelink/linkuz/?id=Uk83OUt2T214S3VqTGw4SnlDL3NQcXRtTGQwWDZHMXFXblU9"
            },
            {
              "title": "Mega",
              "url": "https://desustream.com/safelink/linkuz/?id=Uk83OUt2T214S3VwSkY0QmlpUzRlS0lnSlpkZytqaEhXbUdlejN2Z0U3eVB5ODVoNzdRYUlDSFdWdzhteU5KcGEzdnNoblRNbHQ0QnREWVkzaTRUL09LaHV6V0VYSFVWSlE9PQ=="
            },
            {
              "title": "KFiles",
              "url": "https://desustream.com/safelink/linkuz/?id=Uk83OUt2T214S3V2TTFnTHdTU2tQcWdzT3R3czRXSWlhbG02K2dYeE9lK015TXhEOUtnYVFESDRGam80eVBsTGNRPT0="
            }
          ]
        },
        {
          "title": "Mp4_720p",
          "size": "136.1 MB",
          "urls": [
            {
              "title": "ODFiles",
              "url": "https://desustream.com/safelink/linkuz/?id=Uk83OUt2T214S3VyTlZnTDBTeXJPNkU2WjV3cStpQTVkMEx1OUUrN0RPL001c2srMXJOQ0JDTDFIeXhqanVSSlFtRHFuRzZYOUtGWXZ6ZFRxUXdJM01MMjRqU0ZibU09"
            },
            {
              "title": "Pdrain",
              "url": "https://desustream.com/safelink/linkuz/?id=Uk83OUt2T214S3UwS0VFRnlDNndOcTBuWjVFZzR5QjRNMzI3NzNtdFE4V08="
            },
            {
              "title": "Acefile",
              "url": "https://desustream.com/safelink/linkuz/?id=Uk83OUt2T214S3VsSWx3R3pTYW5lYWNtWnBSZ3Z6NDlKUVB0dXhqMVZPYU03NUZrL2FKUUducjRGUUI5MU9CTk1CdVBqaEtJNmVGRWpYQlY="
            },
            {
              "title": "GoFile",
              "url": "https://desustream.com/safelink/linkuz/?id=Uk83OUt2T214S3VqTGw4SnlDL3NQcXRtTGQwWDZHMXFXblU9"
            },
            {
              "title": "Mega",
              "url": "https://desustream.com/safelink/linkuz/?id=Uk83OUt2T214S3VwSkY0QmlpUzRlS0lnSlpkZzZtSjFUVmlGLzJ2Z0diR0l0cEVqcS9OMEYySElIMjE3emU1UVpCdjIvRVRJNE9ZRWpGTlIxZ3BsK2NTRCtUR1RNbTFxTVE9PQ=="
            },
            {
              "title": "KFiles",
              "url": "https://desustream.com/safelink/linkuz/?id=Uk83OUt2T214S3V2TTFnTHdTU2tQcWdzT3R3czRXSWlhbG02K2dXdFMvaS8xOGxlMVlRVFFESDRGam80eVBsTGNRPT0="
            }
          ]
        },
        {
          "title": "MKV_480p",
          "size": "74.7 MB",
          "urls": [
            {
              "title": "ODFiles",
              "url": "https://desustream.com/safelink/linkuz/?id=Uk83OUt2T214S3VyTlZnTDBTeXJPNkU2WjV3cStpQTdLRVBuK1VTdUdPT1B1SkErMXJOQ0JDTDFIeXhqanVSSlFtRHFuRzZYOUtGWXYwMEs3MGdlZ2NMc29UZUhMV2RXS3hJPQ=="
            },
            {
              "title": "Pdrain",
              "url": "https://desustream.com/safelink/linkuz/?id=Uk83OUt2T214S3UwS0VFRnlDNndOcTBuWjVFZzR5QjRNMTZHMUcrbEsrNnQ="
            },
            {
              "title": "Acefile",
              "url": "https://desustream.com/safelink/linkuz/?id=Uk83OUt2T214S3VsSWx3R3pTYW5lYWNtWnBSZ3Z6NDlKUVB0dXhqN1ZPYU03NUZrL2FKUUducjRGUUI5MU9CTk1CdVBqa2pScjZWUjBIQk05QmRR"
            },
            {
              "title": "GoFile",
              "url": "https://desustream.com/safelink/linkuz/?id=Uk83OUt2T214S3VqTGw4SnlDL3NQcXRtTGQwWDZHMXFXblU9"
            },
            {
              "title": "Mega",
              "url": "https://desustream.com/safelink/linkuz/?id=Uk83OUt2T214S3VwSkY0QmlpUzRlS0lnSlpkZytXSTRYa2lHMlVqZ1N0KzZ1WTQ4MlBRVkRTUFlOeDVsdzc1bmRVekVsMjc0b0tFajJHSUxyUWxmNU1HRGt5aTNUbFVXSHc9PQ=="
            },
            {
              "title": "KFiles",
              "url": "https://desustream.com/safelink/linkuz/?id=Uk83OUt2T214S3V2TTFnTHdTU2tQcWdzT3R3czRXSWlhbG02K2dXQUNQbk0yc3AxL2ZBYVFESDRGam80eVBsTGNRPT0="
            }
          ]
        },
        {
          "title": "MKV_720p",
          "size": "135.9 MB",
          "urls": [
            {
              "title": "ODFiles",
              "url": "https://desustream.com/safelink/linkuz/?id=Uk83OUt2T214S3VyTlZnTDBTeXJPNkU2WjV3cStpQm9mMHF5dFVDckVPK1Q0YzgrMXJOQ0JDTDFIeXhqanVSSlFtRHFuRzZYOUtGWXYwMEs3MHNVZ2NMc29UZUhMV2RXS3hJPQ=="
            },
            {
              "title": "Pdrain",
              "url": "https://desustream.com/safelink/linkuz/?id=Uk83OUt2T214S3UwS0VFRnlDNndOcTBuWjVFZzR5QjRNM1NSN242T0ZPMmU="
            },
            {
              "title": "Acefile",
              "url": "https://desustream.com/safelink/linkuz/?id=Uk83OUt2T214S3VsSWx3R3pTYW5lYWNtWnBSZ3Z6NDlKUVB0dXhqNlZPYU03NUZrL2FKUUducjRGUUI5MU9CTk1CdVBqa2pScjZaYjBIQk05QmRR"
            },
            {
              "title": "GoFile",
              "url": "https://desustream.com/safelink/linkuz/?id=Uk83OUt2T214S3VqTGw4SnlDL3NQcXRtTGQwWDZHMXFXblU9"
            },
            {
              "title": "Mega",
              "url": "https://desustream.com/safelink/linkuz/?id=Uk83OUt2T214S3VwSkY0QmlpUzRlS0lnSlpkZzVUMU1abWFHdUhQZ0ZlNlE2YXBELy9WR0tRUGZRZzUwa01keWIwZnpvblRXdnFNSTJYa0U0RWhIZzlDbW14TzROR3hCSVE9PQ=="
            },
            {
              "title": "KFiles",
              "url": "https://desustream.com/safelink/linkuz/?id=Uk83OUt2T214S3V2TTFnTHdTU2tQcWdzT3R3czRXSWlhbG02K2dYNkNlNnUrbzFlKzRoR1FESDRGam80eVBsTGNRPT0="
            }
          ]
        },
        {
          "title": "MKV_1080p",
          "size": "237.7 MB",
          "urls": [
            {
              "title": "ODFiles",
              "url": "https://desustream.com/safelink/linkuz/?id=Uk83OUt2T214S3VyTlZnTDBTeXJPNkU2WjV3cStpQnBhRk93OVZ5Z0ZPYWQrNVErMXJOQ0JDTDFIeXhqanVSSlFtRHFuRzZYOUtGWXYwMEs3MDBXaVlLeTRqR2FkU0ZLTWhPUA=="
            },
            {
              "title": "Pdrain",
              "url": "https://desustream.com/safelink/linkuz/?id=Uk83OUt2T214S3UwS0VFRnlDNndOcTBuWjVFZzR5QjRNM2FVNzNxcUZ1NnY="
            },
            {
              "title": "Acefile",
              "url": "https://desustream.com/safelink/linkuz/?id=Uk83OUt2T214S3VsSWx3R3pTYW5lYWNtWnBSZ3Z6NDlKUVB0dXhud1ZPYU03NUZrL2FKUUducjRGUUI5MU9CTk1CdVBqa2pScjZCWjJEQVJ0QkZOeHc9PQ=="
            },
            {
              "title": "GoFile",
              "url": "https://desustream.com/safelink/linkuz/?id=Uk83OUt2T214S3VqTGw4SnlDL3NQcXRtTGQwV3VsZzhiVU09"
            },
            {
              "title": "Mega",
              "url": "https://desustream.com/safelink/linkuz/?id=Uk83OUt2T214S3VwSkY0QmlpUzRlS0lnSlpkZzdUeFhMQUdMeDJqZ0tMckl2OEpKOFpCbUhEUHBOV1p4ejhkalJFM0xwMExsaS9SWWwyUXlyemwvZytDMWdoRzVOVUZGTFE9PQ=="
            },
            {
              "title": "KFiles",
              "url": "https://desustream.com/safelink/linkuz/?id=Uk83OUt2T214S3V2TTFnTHdTU2tQcWdzT3R3czRXSWlhbG02K2dXQ0Y3M08vS3BhOEpWZ1FESDRGam80eVBsTGNRPT0="
            }
          ]
        }
      ]
    },
    "info": {
      "credit": "Samehadaku",
      "encoder": "Samehadaku",
      "duration": "24 Min.",
      "type": "TV",
      "genreList": [
        {
          "title": "Action",
          "genreId": "action",
          "href": "/anime/genre/action",
          "otakudesuUrl": "https://otakudesu.best/genres/action/"
        },
        {
          "title": "Adventure",
          "genreId": "adventure",
          "href": "/anime/genre/adventure",
          "otakudesuUrl": "https://otakudesu.best/genres/adventure/"
        },
        {
          "title": "Fantasy",
          "genreId": "fantasy",
          "href": "/anime/genre/fantasy",
          "otakudesuUrl": "https://otakudesu.best/genres/fantasy/"
        }
      ],
      "episodeList": [
        {
          "title": "Episode 6",
          "eps": 6,
          "date": "",
          "episodeId": "ktmk-episode-6-sub-indo",
          "href": "/anime/episode/ktmk-episode-6-sub-indo",
          "otakudesuUrl": "https://otakudesu.best/episode/ktmk-episode-6-sub-indo/"
        },
        {
          "title": "Episode 5",
          "eps": 5,
          "date": "",
          "episodeId": "ktmk-episode-5-sub-indo",
          "href": "/anime/episode/ktmk-episode-5-sub-indo",
          "otakudesuUrl": "https://otakudesu.best/episode/ktmk-episode-5-sub-indo/"
        },
        {
          "title": "Episode 4",
          "eps": 4,
          "date": "",
          "episodeId": "ktmk-episode-4-sub-indo",
          "href": "/anime/episode/ktmk-episode-4-sub-indo",
          "otakudesuUrl": "https://otakudesu.best/episode/ktmk-episode-4-sub-indo/"
        },
        {
          "title": "Episode 3",
          "eps": 3,
          "date": "",
          "episodeId": "ktmk-episode-3-sub-indo",
          "href": "/anime/episode/ktmk-episode-3-sub-indo",
          "otakudesuUrl": "https://otakudesu.best/episode/ktmk-episode-3-sub-indo/"
        },
        {
          "title": "Episode 2",
          "eps": 2,
          "date": "",
          "episodeId": "ktmk-episode-2-sub-indo",
          "href": "/anime/episode/ktmk-episode-2-sub-indo",
          "otakudesuUrl": "https://otakudesu.best/episode/ktmk-episode-2-sub-indo/"
        },
        {
          "title": "Episode 1",
          "eps": 1,
          "date": "",
          "episodeId": "ktmk-episode-1-sub-indo",
          "href": "/anime/episode/ktmk-episode-1-sub-indo",
          "otakudesuUrl": "https://otakudesu.best/episode/ktmk-episode-1-sub-indo/"
        }
      ]
    }
  },
  "pagination": null
}