{
  "status": "success",
  "creator": "Sanka Vollerei",
  "statusCode": 200,
  "statusMessage": "OK",
  "message": "",
  "ok": true,
  "data": {
    "title": "Ao no Orchestra Season 2",
    "poster": "https://otakudesu.best/wp-content/uploads/2025/10/151796.jpg",
    "japanese": "青のオーケストラ Season2",
    "score": "",
    "producers": "NHK, NHK Enterprises",
    "type": "TV",
    "status": "Ongoing",
    "episodes": 21,
    "duration": "25 Min.",
    "aired": "Okt 05, 2025",
    "studios": "Nippon Animation",
    "batch": null,
    "synopsis": {
      "paragraphs": [],
      "connections": []
    },
    "genreList": [
      {
        "title": "Drama",
        "genreId": "drama",
        "href": "/anime/genre/drama",
        "otakudesuUrl": "https://otakudesu.best/genres/drama/"
      },
      {
        "title": "Music",
        "genreId": "music",
        "href": "/anime/genre/music",
        "otakudesuUrl": "https://otakudesu.best/genres/music/"
      },
      {
        "title": "Performing Arts",
        "genreId": "performing-arts",
        "href": "/anime/genre/performing-arts",
        "otakudesuUrl": "https://otakudesu.best/genres/performing-arts/"
      },
      {
        "title": "School",
        "genreId": "school",
        "href": "/anime/genre/school",
        "otakudesuUrl": "https://otakudesu.best/genres/school/"
      }
    ],
    "episodeList": [
      {
        "title": "Ao no Orchestra Season 2 Episode 18 Subtitle Indonesia",
        "eps": 18,
        "date": "8 Februari,2026",
        "episodeId": "anorctsra-s2-episode-18-sub-indo",
        "href": "/anime/episode/anorctsra-s2-episode-18-sub-indo",
        "otakudesuUrl": "https://otakudesu.best/episode/anorctsra-s2-episode-18-sub-indo/"
      },
      {
        "title": "Ao no Orchestra Season 2 Episode 17 Subtitle Indonesia",
        "eps": 17,
        "date": "1 Februari,2026",
        "episodeId": "anorctsra-s2-episode-17-sub-indo",
        "href": "/anime/episode/anorctsra-s2-episode-17-sub-indo",
        "otakudesuUrl": "https://otakudesu.best/episode/anorctsra-s2-episode-17-sub-indo/"
      },
      {
        "title": "Ao no Orchestra Season 2 Episode 16 Subtitle Indonesia",
        "eps": 16,
        "date": "25 Januari,2026",
        "episodeId": "anorctsra-s2-episode-16-sub-indo",
        "href": "/anime/episode/anorctsra-s2-episode-16-sub-indo",
        "otakudesuUrl": "https://otakudesu.best/episode/anorctsra-s2-episode-16-sub-indo/"
      },
      {
        "title": "Ao no Orchestra Season 2 Episode 15 Subtitle Indonesia",
        "eps": 15,
        "date": "18 Januari,2026",
        "episodeId": "anorctsra-s2-episode-15-sub-indo",
        "href": "/anime/episode/anorctsra-s2-episode-15-sub-indo",
        "otakudesuUrl": "https://otakudesu.best/episode/anorctsra-s2-episode-15-sub-indo/"
      },
      {
        "title": "Ao no Orchestra Season 2 Episode 14 Subtitle Indonesia",
        "eps": 14,
        "date": "11 Januari,2026",
        "episodeId": "anorctsra-s2-episode-14-sub-indo",
        "href": "/anime/episode/anorctsra-s2-episode-14-sub-indo",
        "otakudesuUrl": "https://otakudesu.best/episode/anorctsra-s2-episode-14-sub-indo/"
      },
      {
        "title": "Ao no Orchestra Season 2 Episode 13 Subtitle Indonesia",
        "eps": 13,
        "date": "4 Januari,2026",
        "episodeId": "anorctsra-s2-episode-13-sub-indo",
        "href": "/anime/episode/anorctsra-s2-episode-13-sub-indo",
        "otakudesuUrl": "https://otakudesu.best/episode/anorctsra-s2-episode-13-sub-indo/"
      },
      {
        "title": "Ao no Orchestra Season 2 Episode 12 Subtitle Indonesia",
        "eps": 12,
        "date": "21 Desember,2025",
        "episodeId": "anorctsra-s2-episode-12-sub-indo",
        "href": "/anime/episode/anorctsra-s2-episode-12-sub-indo",
        "otakudesuUrl": "https://otakudesu.best/episode/anorctsra-s2-episode-12-sub-indo/"
      },
      {
        "title": "Ao no Orchestra Season 2 Episode 11 Subtitle Indonesia",
        "eps": 11,
        "date": "14 Desember,2025",
        "episodeId": "anorctsra-s2-episode-11-sub-indo",
        "href": "/anime/episode/anorctsra-s2-episode-11-sub-indo",
        "otakudesuUrl": "https://otakudesu.best/episode/anorctsra-s2-episode-11-sub-indo/"
      },
      {
        "title": "Ao no Orchestra Season 2 Episode 10 Subtitle Indonesia",
        "eps": 10,
        "date": "7 Desember,2025",
        "episodeId": "anorctsra-s2-episode-10-sub-indo",
        "href": "/anime/episode/anorctsra-s2-episode-10-sub-indo",
        "otakudesuUrl": "https://otakudesu.best/episode/anorctsra-s2-episode-10-sub-indo/"
      },
      {
        "title": "Ao no Orchestra Season 2 Episode 9 Subtitle Indonesia",
        "eps": 9,
        "date": "30 November,2025",
        "episodeId": "anorctsra-s2-episode-9-sub-indo",
        "href": "/anime/episode/anorctsra-s2-episode-9-sub-indo",
        "otakudesuUrl": "https://otakudesu.best/episode/anorctsra-s2-episode-9-sub-indo/"
      },
      {
        "title": "Ao no Orchestra Season 2 Episode 8 Subtitle Indonesia",
        "eps": 8,
        "date": "23 November,2025",
        "episodeId": "anorctsra-s2-episode-8-sub-indo",
        "href": "/anime/episode/anorctsra-s2-episode-8-sub-indo",
        "otakudesuUrl": "https://otakudesu.best/episode/anorctsra-s2-episode-8-sub-indo/"
      },
      {
        "title": "Ao no Orchestra Season 2 Episode 7 Subtitle Indonesia",
        "eps": 7,
        "date": "16 November,2025",
        "episodeId": "anorctsra-s2-episode-7-sub-indo",
        "href": "/anime/episode/anorctsra-s2-episode-7-sub-indo",
        "otakudesuUrl": "https://otakudesu.best/episode/anorctsra-s2-episode-7-sub-indo/"
      },
      {
        "title": "Ao no Orchestra Season 2 Episode 6 Subtitle Indonesia",
        "eps": 6,
        "date": "9 November,2025",
        "episodeId": "anorctsra-s2-episode-6-sub-indo",
        "href": "/anime/episode/anorctsra-s2-episode-6-sub-indo",
        "otakudesuUrl": "https://otakudesu.best/episode/anorctsra-s2-episode-6-sub-indo/"
      },
      {
        "title": "Ao no Orchestra Season 2 Episode 5 Subtitle Indonesia",
        "eps": 5,
        "date": "2 November,2025",
        "episodeId": "anorctsra-s2-episode-5-sub-indo",
        "href": "/anime/episode/anorctsra-s2-episode-5-sub-indo",
        "otakudesuUrl": "https://otakudesu.best/episode/anorctsra-s2-episode-5-sub-indo/"
      },
      {
        "title": "Ao no Orchestra Season 2 Episode 4 Subtitle Indonesia",
        "eps": 4,
        "date": "26 Oktober,2025",
        "episodeId": "anorctsra-s2-episode-4-sub-indo",
        "href": "/anime/episode/anorctsra-s2-episode-4-sub-indo",
        "otakudesuUrl": "https://otakudesu.best/episode/anorctsra-s2-episode-4-sub-indo/"
      },
      {
        "title": "Ao no Orchestra Season 2 Episode 3 Subtitle Indonesia",
        "eps": 3,
        "date": "19 Oktober,2025",
        "episodeId": "anorctsra-s2-episode-3-sub-indo",
        "href": "/anime/episode/anorctsra-s2-episode-3-sub-indo",
        "otakudesuUrl": "https://otakudesu.best/episode/anorctsra-s2-episode-3-sub-indo/"
      },
      {
        "title": "Ao no Orchestra Season 2 Episode 2 Subtitle Indonesia",
        "eps": 2,
        "date": "12 Oktober,2025",
        "episodeId": "anorctsra-s2-episode-2-sub-indo",
        "href": "/anime/episode/anorctsra-s2-episode-2-sub-indo",
        "otakudesuUrl": "https://otakudesu.best/episode/anorctsra-s2-episode-2-sub-indo/"
      },
      {
        "title": "Ao no Orchestra Season 2 Episode 1 Subtitle Indonesia",
        "eps": 1,
        "date": "5 Oktober,2025",
        "episodeId": "anorctsra-s2-episode-1-sub-indo",
        "href": "/anime/episode/anorctsra-s2-episode-1-sub-indo",
        "otakudesuUrl": "https://otakudesu.best/episode/anorctsra-s2-episode-1-sub-indo/"
      }
    ],
    "recommendedAnimeList": [
      {
        "title": "Towa no Yuugure",
        "poster": "https://otakudesu.best/wp-content/uploads/2026/02/Towa-no-Yuugure-Sub-Indo.jpg",
        "animeId": "towa-yuugure-sub-indo",
        "href": "/anime/anime/towa-yuugure-sub-indo",
        "otakudesuUrl": "https://otakudesu.best/anime/towa-yuugure-sub-indo/"
      },
      {
        "title": "Wandance",
        "poster": "https://otakudesu.best/wp-content/uploads/2026/01/Wandance-Sub-Indo.jpg",
        "animeId": "wandnce-sub-indo",
        "href": "/anime/anime/wandnce-sub-indo",
        "otakudesuUrl": "https://otakudesu.best/anime/wandnce-sub-indo/"
      },
      {
        "title": "Nageki no Bourei wa Intai shitai Season 2",
        "poster": "https://otakudesu.best/wp-content/uploads/2026/01/Nageki-no-Bourei-wa-Intai-shitai-Season-2-Sub-Indo.jpg",
        "animeId": "ageki-bourei-intai-shitai-s2-sub-indo",
        "href": "/anime/anime/ageki-bourei-intai-shitai-s2-sub-indo",
        "otakudesuUrl": "https://otakudesu.best/anime/ageki-bourei-intai-shitai-s2-sub-indo/"
      },
      {
        "title": "Chichi wa Eiyuu, Haha wa Seirei, Musume no Watashi wa Tenseisha.",
        "poster": "https://otakudesu.best/wp-content/uploads/2026/01/Chichi-wa-Eiyuu-Haha-wa-Seirei-Musume-no-Watashi-wa-Tenseisha.-Sub-Indo.jpg",
        "animeId": "chichi-haha-seirei-sub-indo",
        "href": "/anime/anime/chichi-haha-seirei-sub-indo",
        "otakudesuUrl": "https://otakudesu.best/anime/chichi-haha-seirei-sub-indo/"
      },
      {
        "title": "Mugen Gacha",
        "poster": "https://otakudesu.best/wp-content/uploads/2026/01/Mugen-Gacha-Sub-Indo.jpg",
        "animeId": "mugen-gacha-sub-indo",
        "href": "/anime/anime/mugen-gacha-sub-indo",
        "otakudesuUrl": "https://otakudesu.best/anime/mugen-gacha-sub-indo/"
      }
    ]
  },
  "pagination": null
}