{
  "status": "success",
  "creator": "Sanka Vollerei",
  "statusCode": 200,
  "statusMessage": "OK",
  "message": "",
  "ok": true,
  "data": {
    "title": "Kizoku Tensei",
    "poster": "https://otakudesu.best/wp-content/uploads/2026/01/153722.jpg",
    "japanese": "貴族転生 ～恵まれた生まれから最強の力を得る～",
    "score": "",
    "producers": "Pony Canyon",
    "type": "TV",
    "status": "Ongoing",
    "episodes": null,
    "duration": "24 Min.",
    "aired": "Jan 08, 2026",
    "studios": "CompTown",
    "batch": null,
    "synopsis": {
      "paragraphs": [],
      "connections": []
    },
    "genreList": [
      {
        "title": "Action",
        "genreId": "action",
        "href": "/anime/genre/action",
        "otakudesuUrl": "https://otakudesu.best/genres/action/"
      },
      {
        "title": "Adventure",
        "genreId": "adventure",
        "href": "/anime/genre/adventure",
        "otakudesuUrl": "https://otakudesu.best/genres/adventure/"
      },
      {
        "title": "Fantasy",
        "genreId": "fantasy",
        "href": "/anime/genre/fantasy",
        "otakudesuUrl": "https://otakudesu.best/genres/fantasy/"
      }
    ],
    "episodeList": [
      {
        "title": "Kizoku Tensei Episode 6 Subtitle Indonesia",
        "eps": 6,
        "date": "8 Februari,2026",
        "episodeId": "ktmk-episode-6-sub-indo",
        "href": "/anime/episode/ktmk-episode-6-sub-indo",
        "otakudesuUrl": "https://otakudesu.best/episode/ktmk-episode-6-sub-indo/"
      },
      {
        "title": "Kizoku Tensei Episode 5 Subtitle Indonesia",
        "eps": 5,
        "date": "1 Februari,2026",
        "episodeId": "ktmk-episode-5-sub-indo",
        "href": "/anime/episode/ktmk-episode-5-sub-indo",
        "otakudesuUrl": "https://otakudesu.best/episode/ktmk-episode-5-sub-indo/"
      },
      {
        "title": "Kizoku Tensei Episode 4 Subtitle Indonesia",
        "eps": 4,
        "date": "25 Januari,2026",
        "episodeId": "ktmk-episode-4-sub-indo",
        "href": "/anime/episode/ktmk-episode-4-sub-indo",
        "otakudesuUrl": "https://otakudesu.best/episode/ktmk-episode-4-sub-indo/"
      },
      {
        "title": "Kizoku Tensei Episode 3 Subtitle Indonesia",
        "eps": 3,
        "date": "18 Januari,2026",
        "episodeId": "ktmk-episode-3-sub-indo",
        "href": "/anime/episode/ktmk-episode-3-sub-indo",
        "otakudesuUrl": "https://otakudesu.best/episode/ktmk-episode-3-sub-indo/"
      },
      {
        "title": "Kizoku Tensei Episode 2 Subtitle Indonesia",
        "eps": 2,
        "date": "11 Januari,2026",
        "episodeId": "ktmk-episode-2-sub-indo",
        "href": "/anime/episode/ktmk-episode-2-sub-indo",
        "otakudesuUrl": "https://otakudesu.best/episode/ktmk-episode-2-sub-indo/"
      },
      {
        "title": "Kizoku Tensei Episode 1 Subtitle Indonesia",
        "eps": 1,
        "date": "5 Januari,2026",
        "episodeId": "ktmk-episode-1-sub-indo",
        "href": "/anime/episode/ktmk-episode-1-sub-indo",
        "otakudesuUrl": "https://otakudesu.best/episode/ktmk-episode-1-sub-indo/"
      }
    ],
    "recommendedAnimeList": [
      {
        "title": "Towa no Yuugure",
        "poster": "https://otakudesu.best/wp-content/uploads/2026/02/Towa-no-Yuugure-Sub-Indo.jpg",
        "animeId": "towa-yuugure-sub-indo",
        "href": "/anime/anime/towa-yuugure-sub-indo",
        "otakudesuUrl": "https://otakudesu.best/anime/towa-yuugure-sub-indo/"
      },
      {
        "title": "Wandance",
        "poster": "https://otakudesu.best/wp-content/uploads/2026/01/Wandance-Sub-Indo.jpg",
        "animeId": "wandnce-sub-indo",
        "href": "/anime/anime/wandnce-sub-indo",
        "otakudesuUrl": "https://otakudesu.best/anime/wandnce-sub-indo/"
      },
      {
        "title": "Nageki no Bourei wa Intai shitai Season 2",
        "poster": "https://otakudesu.best/wp-content/uploads/2026/01/Nageki-no-Bourei-wa-Intai-shitai-Season-2-Sub-Indo.jpg",
        "animeId": "ageki-bourei-intai-shitai-s2-sub-indo",
        "href": "/anime/anime/ageki-bourei-intai-shitai-s2-sub-indo",
        "otakudesuUrl": "https://otakudesu.best/anime/ageki-bourei-intai-shitai-s2-sub-indo/"
      },
      {
        "title": "Chichi wa Eiyuu, Haha wa Seirei, Musume no Watashi wa Tenseisha.",
        "poster": "https://otakudesu.best/wp-content/uploads/2026/01/Chichi-wa-Eiyuu-Haha-wa-Seirei-Musume-no-Watashi-wa-Tenseisha.-Sub-Indo.jpg",
        "animeId": "chichi-haha-seirei-sub-indo",
        "href": "/anime/anime/chichi-haha-seirei-sub-indo",
        "otakudesuUrl": "https://otakudesu.best/anime/chichi-haha-seirei-sub-indo/"
      },
      {
        "title": "Mugen Gacha",
        "poster": "https://otakudesu.best/wp-content/uploads/2026/01/Mugen-Gacha-Sub-Indo.jpg",
        "animeId": "mugen-gacha-sub-indo",
        "href": "/anime/anime/mugen-gacha-sub-indo",
        "otakudesuUrl": "https://otakudesu.best/anime/mugen-gacha-sub-indo/"
      }
    ]
  },
  "pagination": null
}