{
  "status": "success",
  "creator": "Sanka Vollerei",
  "statusCode": 200,
  "statusMessage": "OK",
  "message": "",
  "ok": true,
  "data": {
    "title": "Seihantai na Kimi to Boku Episode 1 Subtitle Indonesia",
    "animeId": "seihantai-kimi-boku-sub-indo",
    "releaseTime": "Release on 4:48 am",
    "defaultStreamingUrl": "https://str.desustream.com/dstream/updesu/v5/index.php?id=elY3Z01qZkVnZ0hKeWhBTlJVMkxUQT09",
    "hasPrevEpisode": false,
    "prevEpisode": null,
    "hasNextEpisode": true,
    "nextEpisode": {
      "title": "Next",
      "episodeId": "snkb-episode-2-sub-indo",
      "href": "/anime/episode/snkb-episode-2-sub-indo",
      "otakudesuUrl": "https://otakudesu.best/episode/snkb-episode-2-sub-indo/"
    },
    "server": {
      "qualities": [
        {
          "title": "360p",
          "serverList": [
            {
              "title": "vidhide",
              "serverId": "6E6EE5-5-8B5u",
              "href": "/anime/server/6E6EE5-5-8B5u"
            },
            {
              "title": "filedon",
              "serverId": "6E6EE5-6-8B5u",
              "href": "/anime/server/6E6EE5-6-8B5u"
            },
            {
              "title": "mega",
              "serverId": "6E6EE5-7-8B5u",
              "href": "/anime/server/6E6EE5-7-8B5u"
            }
          ]
        },
        {
          "title": "480p",
          "serverList": [
            {
              "title": "updesu",
              "serverId": "6E6EE5-5-9D5u",
              "href": "/anime/server/6E6EE5-5-9D5u"
            },
            {
              "title": "vidhide",
              "serverId": "6E6EE5-6-9D5u",
              "href": "/anime/server/6E6EE5-6-9D5u"
            },
            {
              "title": "filedon",
              "serverId": "6E6EE5-7-9D5u",
              "href": "/anime/server/6E6EE5-7-9D5u"
            },
            {
              "title": "mega",
              "serverId": "6E6EE5-8-9D5u",
              "href": "/anime/server/6E6EE5-8-9D5u"
            }
          ]
        },
        {
          "title": "720p",
          "serverList": [
            {
              "title": "ondesuhd ",
              "serverId": "6E6EE5-5-C75u",
              "href": "/anime/server/6E6EE5-5-C75u"
            },
            {
              "title": "filedon ",
              "serverId": "6E6EE5-6-C75u",
              "href": "/anime/server/6E6EE5-6-C75u"
            },
            {
              "title": "vidhide ",
              "serverId": "6E6EE5-7-C75u",
              "href": "/anime/server/6E6EE5-7-C75u"
            },
            {
              "title": "mega ",
              "serverId": "6E6EE5-8-C75u",
              "href": "/anime/server/6E6EE5-8-C75u"
            }
          ]
        }
      ]
    },
    "downloadUrl": {
      "qualities": [
        {
          "title": "Mp4_360p",
          "size": "45.6 MB",
          "urls": [
            {
              "title": "ODFiles",
              "url": "https://desustream.com/safelink/linkuz/?id=Uk83OUt2T214S3VyTlZnTDBTeXJPNkU2WjV3cStpQTFLbFR1NGtDcUVyQ0srOGcrMXJOQ0JDTDFIeXhqanVSSlFuandtbWVYOUtGWXZ6TlhxUXdJM01MMjRqU0ZibU09"
            },
            {
              "title": "Pdrain",
              "url": "https://desustream.com/safelink/linkuz/?id=Uk83OUt2T214S3UwS0VFRnlDNndOcTBuWjVFZzR5QjRNMGJ1ekY2b05kR0s="
            },
            {
              "title": "Acefile",
              "url": "https://desustream.com/safelink/linkuz/?id=Uk83OUt2T214S3VsSWx3R3pTYW5lYWNtWnBSZ3Z6NDlKUWpzdWhuelZPYU03NUZrL2FKUUducjRGUUJsenVaRU1CdVBqaGFNNmVGRWpYQlY="
            },
            {
              "title": "GoFile",
              "url": "https://desustream.com/safelink/linkuz/?id=Uk83OUt2T214S3VqTGw4SnlDL3NQcXRtTGQwLzExMUpVbkU9"
            },
            {
              "title": "Mega",
              "url": "https://desustream.com/safelink/linkuz/?id=Uk83OUt2T214S3VwSkY0QmlpUzRlS0lnSlpkZzZYbGxjRWVGNm1uZ0N2RzF4cXBIeVk5ckFtLzlDUTlPOThGNWZsblJ1WFRRNzZFTW9URTM4eVZxM29Xd2l3T0liMlY0TVE9PQ=="
            },
            {
              "title": "KFiles",
              "url": "https://desustream.com/safelink/linkuz/?id=Uk83OUt2T214S3V2TTFnTHdTU2tQcWdzT3R3czRXSWlhbG02K2dXRk5NNmg5STBncVoxclFESDRGam80eVBsTGNRPT0="
            }
          ]
        },
        {
          "title": "Mp4_480p",
          "size": "75.5 MB",
          "urls": [
            {
              "title": "ODFiles ",
              "url": "https://desustream.com/safelink/linkuz/?id=Uk83OUt2T214S3VyTlZnTDBTeXJPNkU2WjV3cStpQTdld09zdEVtc0RmaVo1SW8rMXJOQ0JDTDFIeXhqanVSSlFuandtbWVYOUtGWXZ6UlpxUXdJM01MMjRqU0ZibU09"
            },
            {
              "title": "Pdrain",
              "url": "https://desustream.com/safelink/linkuz/?id=Uk83OUt2T214S3UwS0VFRnlDNndOcTBuWjVFZzR5QjRNd0hzOUdpQ0FiK0k="
            },
            {
              "title": "Acefile",
              "url": "https://desustream.com/safelink/linkuz/?id=Uk83OUt2T214S3VsSWx3R3pTYW5lYWNtWnBSZ3Z6NDlKUWpzdWhueVZPYU03NUZrL2FKUUducjRGUUJsenVaRU1CdVBqaEdDNmVGRWpYQlY="
            },
            {
              "title": "GoFile",
              "url": "https://desustream.com/safelink/linkuz/?id=Uk83OUt2T214S3VqTGw4SnlDL3NQcXRtTGQwLzExMUpVbkU9"
            },
            {
              "title": "Mega",
              "url": "https://desustream.com/safelink/linkuz/?id=Uk83OUt2T214S3VwSkY0QmlpUzRlS0lnSlpkZytYMVVabDJMMzJQZ01mbXo2SnhWek9wb0pHRGhUamQxNS85M1pSL0hsVkx0c090UWlHbzI5aXBYOWZ1dHJpckFabFVUZGc9PQ=="
            },
            {
              "title": "KFiles",
              "url": "https://desustream.com/safelink/linkuz/?id=Uk83OUt2T214S3V2TTFnTHdTU2tQcWdzT3R3czRXSWlhbG02K2dXd0ZmdTN4Sk5ucjZOcVFESDRGam80eVBsTGNRPT0="
            }
          ]
        },
        {
          "title": "Mp4_720p",
          "size": "129.9 MB",
          "urls": [
            {
              "title": "ODFiles",
              "url": "https://desustream.com/safelink/linkuz/?id=Uk83OUt2T214S3VyTlZnTDBTeXJPNkU2WjV3cStpQmpaRnV1L0V1cUdMakkvSk0rMXJOQ0JDTDFIeXhqanVSSlFuandtbWVYOUtGWXZ6ZFRxUXdJM01MMjRqU0ZibU09"
            },
            {
              "title": "Pdrain",
              "url": "https://desustream.com/safelink/linkuz/?id=Uk83OUt2T214S3UwS0VFRnlDNndOcTBuWjVFZzR5QjRNMmV3dngyN0NmMnE="
            },
            {
              "title": "Acefile",
              "url": "https://desustream.com/safelink/linkuz/?id=Uk83OUt2T214S3VsSWx3R3pTYW5lYWNtWnBSZ3Z6NDlKUWpzdWhueFZPYU03NUZrL2FKUUducjRGUUJsenVaRU1CdVBqaEtJNmVGRWpYQlY="
            },
            {
              "title": "GoFile",
              "url": "https://desustream.com/safelink/linkuz/?id=Uk83OUt2T214S3VqTGw4SnlDL3NQcXRtTGQwLzExMUpVbkU9"
            },
            {
              "title": "Mega",
              "url": "https://desustream.com/safelink/linkuz/?id=Uk83OUt2T214S3VwSkY0QmlpUzRlS0lnSlpkZzJIVkVUMmFGMTJ2Z0tzSEk3TTFHM09wU09HTFNUQXhVOE5WUmZoM0ptbi9DOU9jemxWWlI2aFpDeGRtbGlCN2NVRng2TVE9PQ=="
            },
            {
              "title": "KFiles",
              "url": "https://desustream.com/safelink/linkuz/?id=Uk83OUt2T214S3V2TTFnTHdTU2tQcWdzT3R3czRXSWlhbG02K2dXSlB1WEk5S3hMMFpKT1FESDRGam80eVBsTGNRPT0="
            }
          ]
        },
        {
          "title": "MKV_480p",
          "size": "74.5 MB",
          "urls": [
            {
              "title": "ODFiles",
              "url": "https://desustream.com/safelink/linkuz/?id=Uk83OUt2T214S3VyTlZnTDBTeXJPNkU2WjV3cStpQjFLMHJydWg2NVQvNkx1TUkrMXJOQ0JDTDFIeXhqanVSSlFuandtbWVYOUtGWXYwMEs3MGdlZ2NMc29UZUhMV2RXS3hJPQ=="
            },
            {
              "title": "Pdrain",
              "url": "https://desustream.com/safelink/linkuz/?id=Uk83OUt2T214S3UwS0VFRnlDNndOcTBuWjVFZzR5QjRNd0tkM0VlM0grSzc="
            },
            {
              "title": "Acefile",
              "url": "https://desustream.com/safelink/linkuz/?id=Uk83OUt2T214S3VsSWx3R3pTYW5lYWNtWnBSZ3Z6NDlKUWpzdWhud1ZPYU03NUZrL2FKUUducjRGUUJsenVaRU1CdVBqa2pScjZWUjBIQk05QmRR"
            },
            {
              "title": "GoFile",
              "url": "https://desustream.com/safelink/linkuz/?id=Uk83OUt2T214S3VqTGw4SnlDL3NQcXRtTGQwLzExMUpVbkU9"
            },
            {
              "title": "Mega",
              "url": "https://desustream.com/safelink/linkuz/?id=Uk83OUt2T214S3VwSkY0QmlpUzRlS0lnSlpkZ3cyWnFTV1NiN0g3Z0E5dWQzcFY5cXE5QkJ6YkJNeFZFdys1QmVFSGFxMFR1cXRZWW9XTlp6aHBJM3VXdXRqS2tUMnQ5SVE9PQ=="
            },
            {
              "title": "KFiles",
              "url": "https://desustream.com/safelink/linkuz/?id=Uk83OUt2T214S3V2TTFnTHdTU2tQcWdzT3R3czRXSWlhbG02K2dXNUkvNnh2cU5JeksxdFFESDRGam80eVBsTGNRPT0="
            }
          ]
        },
        {
          "title": "MKV_720p",
          "size": "129.1 MB",
          "urls": [
            {
              "title": "ODFiles",
              "url": "https://desustream.com/safelink/linkuz/?id=Uk83OUt2T214S3VyTlZnTDBTeXJPNkU2WjV3cStpQm9ma080KzFpcEVlT2M2SmcrMXJOQ0JDTDFIeXhqanVSSlFuandtbWVYOUtGWXYwMEs3MHNVZ2NMc29UZUhMV2RXS3hJPQ=="
            },
            {
              "title": "Pdrain",
              "url": "https://desustream.com/safelink/linkuz/?id=Uk83OUt2T214S3UwS0VFRnlDNndOcTBuWjVFZzR5QjRNd0dyeUcvN1BkREs="
            },
            {
              "title": "Acefile",
              "url": "https://desustream.com/safelink/linkuz/?id=Uk83OUt2T214S3VsSWx3R3pTYW5lYWNtWnBSZ3Z6NDlKUWpzdWhuM1ZPYU03NUZrL2FKUUducjRGUUJsenVaRU1CdVBqa2pScjZaYjBIQk05QmRR"
            },
            {
              "title": "GoFile",
              "url": "https://desustream.com/safelink/linkuz/?id=Uk83OUt2T214S3VqTGw4SnlDL3NQcXRtTGQwLzExMUpVbkU9"
            },
            {
              "title": "Mega",
              "url": "https://desustream.com/safelink/linkuz/?id=Uk83OUt2T214S3VwSkY0QmlpUzRlS0lnSlpkZzNIcDlSRm1jdVV2Z1BlMjg0SWtrM1BkUUJDQ2tMVHBtenN4aFcxN3VsQlBscmZ3N3VtTTU2VWtYaGVXcm1TYkVkbU1XQnc9PQ=="
            },
            {
              "title": "KFiles",
              "url": "https://desustream.com/safelink/linkuz/?id=Uk83OUt2T214S3V2TTFnTHdTU2tQcWdzT3R3czRXSWlhbG02K2dXdk4veTI0NHNsOEpaRlFESDRGam80eVBsTGNRPT0="
            }
          ]
        },
        {
          "title": "MKV_1080p",
          "size": "278.7 MB",
          "urls": [
            {
              "title": "ODFiles",
              "url": "https://desustream.com/safelink/linkuz/?id=Uk83OUt2T214S3VyTlZnTDBTeXJPNkU2WjV3cStpQi9iMEtyOVJyMkF2M0F2SUErMXJOQ0JDTDFIeXhqanVSSlFuandtbWVYOUtGWXYwMEs3MDBXaVlLeTRqR2FkU0ZLTWhPUA=="
            },
            {
              "title": "Pdrain",
              "url": "https://desustream.com/safelink/linkuz/?id=Uk83OUt2T214S3UwS0VFRnlDNndOcTBuWjVFZzR5QjRNM0s1emttTkZjMnE="
            },
            {
              "title": "Acefile",
              "url": "https://desustream.com/safelink/linkuz/?id=Uk83OUt2T214S3VsSWx3R3pTYW5lYWNtWnBSZ3Z6NDlKUWpzdWhuMVZPYU03NUZrL2FKUUducjRGUUJsenVaRU1CdVBqa2pScjZCWjJEQVJ0QkZOeHc9PQ=="
            },
            {
              "title": "GoFile",
              "url": "https://desustream.com/safelink/linkuz/?id=Uk83OUt2T214S3VqTGw4SnlDL3NQcXRtTGQwLzExMUpVbkU9"
            },
            {
              "title": "Mega",
              "url": "https://desustream.com/safelink/linkuz/?id=Uk83OUt2T214S3VwSkY0QmlpUzRlS0lnSlpkZy9uWlVUbVNOK25qZ0hkMlIrSlJKckxCT0d3aThRamh2eGVCUmUxbnA1RW5Ea3Fjdm1IZ0U2aGQ1NHQrT3IycTlTVHhtRHc9PQ=="
            },
            {
              "title": "KFiles",
              "url": "https://desustream.com/safelink/linkuz/?id=Uk83OUt2T214S3V2TTFnTHdTU2tQcWdzT3R3czRXSWlhbG02K2dYMEZySE4vYXBBNzZsMVFESDRGam80eVBsTGNRPT0="
            }
          ]
        }
      ]
    },
    "info": {
      "credit": "Doronime",
      "encoder": "Otakudesu",
      "duration": "24 min. per ep.",
      "type": "TV",
      "genreList": [
        {
          "title": "Comedy",
          "genreId": "comedy",
          "href": "/anime/genre/comedy",
          "otakudesuUrl": "https://otakudesu.best/genres/comedy/"
        },
        {
          "title": "Romance",
          "genreId": "romance",
          "href": "/anime/genre/romance",
          "otakudesuUrl": "https://otakudesu.best/genres/romance/"
        },
        {
          "title": "School",
          "genreId": "school",
          "href": "/anime/genre/school",
          "otakudesuUrl": "https://otakudesu.best/genres/school/"
        },
        {
          "title": "Shounen",
          "genreId": "shounen",
          "href": "/anime/genre/shounen",
          "otakudesuUrl": "https://otakudesu.best/genres/shounen/"
        }
      ],
      "episodeList": [
        {
          "title": "Episode 5",
          "eps": 5,
          "date": "",
          "episodeId": "snkb-episode-5-sub-indo",
          "href": "/anime/episode/snkb-episode-5-sub-indo",
          "otakudesuUrl": "https://otakudesu.best/episode/snkb-episode-5-sub-indo/"
        },
        {
          "title": "Episode 4",
          "eps": 4,
          "date": "",
          "episodeId": "snkb-episode-4-sub-indo",
          "href": "/anime/episode/snkb-episode-4-sub-indo",
          "otakudesuUrl": "https://otakudesu.best/episode/snkb-episode-4-sub-indo/"
        },
        {
          "title": "Episode 3",
          "eps": 3,
          "date": "",
          "episodeId": "snkb-episode-3-sub-indo",
          "href": "/anime/episode/snkb-episode-3-sub-indo",
          "otakudesuUrl": "https://otakudesu.best/episode/snkb-episode-3-sub-indo/"
        },
        {
          "title": "Episode 2",
          "eps": 2,
          "date": "",
          "episodeId": "snkb-episode-2-sub-indo",
          "href": "/anime/episode/snkb-episode-2-sub-indo",
          "otakudesuUrl": "https://otakudesu.best/episode/snkb-episode-2-sub-indo/"
        },
        {
          "title": "Episode 1",
          "eps": 1,
          "date": "",
          "episodeId": "snkb-episode-1-sub-indo",
          "href": "/anime/episode/snkb-episode-1-sub-indo",
          "otakudesuUrl": "https://otakudesu.best/episode/snkb-episode-1-sub-indo/"
        }
      ]
    }
  },
  "pagination": null
}