{
  "status": "success",
  "creator": "Sanka Vollerei",
  "statusCode": 200,
  "statusMessage": "OK",
  "message": "",
  "ok": true,
  "data": {
    "title": "Kaya-chan wa Kowakunai Episode 1 Subtitle Indonesia",
    "animeId": "kaya-chan-kowakunai-sub-indo",
    "releaseTime": "Release on 6:33 pm",
    "defaultStreamingUrl": "https://str.desustream.com/dstream/ondesu/v5/index.php?id=RTk1WFB2bXJLNFRQR2pZd093dDZzQT09",
    "hasPrevEpisode": false,
    "prevEpisode": null,
    "hasNextEpisode": true,
    "nextEpisode": {
      "title": "Next",
      "episodeId": "kcwk-episode-2-sub-indo",
      "href": "/anime/episode/kcwk-episode-2-sub-indo",
      "otakudesuUrl": "https://otakudesu.best/episode/kcwk-episode-2-sub-indo/"
    },
    "server": {
      "qualities": [
        {
          "title": "360p",
          "serverList": [
            {
              "title": "vidhide",
              "serverId": "6E6EA6-5-8B5u",
              "href": "/anime/server/6E6EA6-5-8B5u"
            },
            {
              "title": "filedon",
              "serverId": "6E6EA6-6-8B5u",
              "href": "/anime/server/6E6EA6-6-8B5u"
            },
            {
              "title": "mega",
              "serverId": "6E6EA6-7-8B5u",
              "href": "/anime/server/6E6EA6-7-8B5u"
            }
          ]
        },
        {
          "title": "480p",
          "serverList": [
            {
              "title": "ondesu",
              "serverId": "6E6EA6-5-9D5u",
              "href": "/anime/server/6E6EA6-5-9D5u"
            },
            {
              "title": "vidhide",
              "serverId": "6E6EA6-6-9D5u",
              "href": "/anime/server/6E6EA6-6-9D5u"
            },
            {
              "title": "filedon",
              "serverId": "6E6EA6-7-9D5u",
              "href": "/anime/server/6E6EA6-7-9D5u"
            },
            {
              "title": "mega",
              "serverId": "6E6EA6-8-9D5u",
              "href": "/anime/server/6E6EA6-8-9D5u"
            }
          ]
        },
        {
          "title": "720p",
          "serverList": [
            {
              "title": "ondesuhd ",
              "serverId": "6E6EA6-5-C75u",
              "href": "/anime/server/6E6EA6-5-C75u"
            },
            {
              "title": "filedon ",
              "serverId": "6E6EA6-6-C75u",
              "href": "/anime/server/6E6EA6-6-C75u"
            },
            {
              "title": "vidhide ",
              "serverId": "6E6EA6-7-C75u",
              "href": "/anime/server/6E6EA6-7-C75u"
            },
            {
              "title": "mega ",
              "serverId": "6E6EA6-8-C75u",
              "href": "/anime/server/6E6EA6-8-C75u"
            }
          ]
        }
      ]
    },
    "downloadUrl": {
      "qualities": [
        {
          "title": "Mp4_360p",
          "size": "44.7 MB",
          "urls": [
            {
              "title": "ODFiles",
              "url": "https://desustream.com/safelink/linkuz/?id=Uk83OUt2T214S3VyTlZnTDBTeXJPNkU2WjV3cStpQjhjUW15dlJxc0VQM0E3SW8rMXJOQ0JDTDFIeXhqanVSSlFtRDlobTZYOUtGWXZ6TlhxUXdJM01MMjRqU0ZibU09"
            },
            {
              "title": "Pdrain",
              "url": "https://desustream.com/safelink/linkuz/?id=Uk83OUt2T214S3UwS0VFRnlDNndOcTBuWjVFZzR5QjRNd202NjEraU51T0I="
            },
            {
              "title": "Acefile",
              "url": "https://desustream.com/safelink/linkuz/?id=Uk83OUt2T214S3VsSWx3R3pTYW5lYWNtWnBSZ3Z6NDlKUWp2dVJ6d1ZPYU03NUZrL2FKUUducjRGUUI5dy9wTk1CdVBqaGFNNmVGRWpYQlY="
            },
            {
              "title": "GoFile",
              "url": "https://desustream.com/safelink/linkuz/?id=Uk83OUt2T214S3VqTGw4SnlDL3NQcXRtTGQwcDEwVjFSbkk9"
            },
            {
              "title": "Mega",
              "url": "https://desustream.com/safelink/linkuz/?id=Uk83OUt2T214S3VwSkY0QmlpUzRlS0lnSlpkZyswRitMV2FXekdEZ0hPcUkxNVZoMFBJYUZRNmhTQzhqOGJvV2IxUEtxVVRLb1BNQWtEVU56Z3hKaWVhWHJqbVZZSFlSQnc9PQ=="
            },
            {
              "title": "KFiles",
              "url": "https://desustream.com/safelink/linkuz/?id=Uk83OUt2T214S3V2TTFnTHdTU2tQcWdzT3R3czRXSWlhbG02K2dXSlR0cXJ1c0o5OFBabFFESDRGam80eVBsTGNRPT0="
            }
          ]
        },
        {
          "title": "Mp4_480p",
          "size": "74.8 MB",
          "urls": [
            {
              "title": "ODFiles",
              "url": "https://desustream.com/safelink/linkuz/?id=Uk83OUt2T214S3VyTlZnTDBTeXJPNkU2WjV3cStpQStkd1d4LzAyclNyQ1c2TXMrMXJOQ0JDTDFIeXhqanVSSlFtRDlobTZYOUtGWXZ6UlpxUXdJM01MMjRqU0ZibU09"
            },
            {
              "title": "Pdrain",
              "url": "https://desustream.com/safelink/linkuz/?id=Uk83OUt2T214S3UwS0VFRnlDNndOcTBuWjVFZzR5QjRNM3FuM1VlQ0FiNk8="
            },
            {
              "title": "Acefile",
              "url": "https://desustream.com/safelink/linkuz/?id=Uk83OUt2T214S3VsSWx3R3pTYW5lYWNtWnBSZ3Z6NDlKUWp2dVJ6M1ZPYU03NUZrL2FKUUducjRGUUI5dy9wTk1CdVBqaEdDNmVGRWpYQlY="
            },
            {
              "title": "GoFile",
              "url": "https://desustream.com/safelink/linkuz/?id=Uk83OUt2T214S3VqTGw4SnlDL3NQcXRtTGQwcDEwVjFSbkk9"
            },
            {
              "title": "Mega",
              "url": "https://desustream.com/safelink/linkuz/?id=Uk83OUt2T214S3VwSkY0QmlpUzRlS0lnSlpkZ3dXeGJXbHVXeEd2Z0E3aUN4NVpPOGZGa055NmpIQTk5eDd0T1JFbnQ1VVBqcU5aYzBqUXB0QlJKeElPb2lqZUFkbmx0RXc9PQ=="
            },
            {
              "title": "KFiles",
              "url": "https://desustream.com/safelink/linkuz/?id=Uk83OUt2T214S3V2TTFnTHdTU2tQcWdzT3R3czRXSWlhbG02K2dXUkhQK1A3NmxWcVBOVVFESDRGam80eVBsTGNRPT0="
            }
          ]
        },
        {
          "title": "Mp4_720p",
          "size": "144.3 MB",
          "urls": [
            {
              "title": "ODFiles",
              "url": "https://desustream.com/safelink/linkuz/?id=Uk83OUt2T214S3VyTlZnTDBTeXJPNkU2WjV3cStpQnNaQWZudEZ1aEFiM0l1Y2srMXJOQ0JDTDFIeXhqanVSSlFtRDlobTZYOUtGWXZ6ZFRxUXdJM01MMjRqU0ZibU09"
            },
            {
              "title": "Pdrain",
              "url": "https://desustream.com/safelink/linkuz/?id=Uk83OUt2T214S3UwS0VFRnlDNndOcTBuWjVFZzR5QjRNd09GM1U3NlBNaTE="
            },
            {
              "title": "Acefile",
              "url": "https://desustream.com/safelink/linkuz/?id=Uk83OUt2T214S3VsSWx3R3pTYW5lYWNtWnBSZ3Z6NDlKUWp2dVJ6MlZPYU03NUZrL2FKUUducjRGUUI5dy9wTk1CdVBqaEtJNmVGRWpYQlY="
            },
            {
              "title": "GoFile",
              "url": "https://desustream.com/safelink/linkuz/?id=Uk83OUt2T214S3VqTGw4SnlDL3NQcXRtTGQwcDEwVjFSbkk9"
            },
            {
              "title": "Mega",
              "url": "https://desustream.com/safelink/linkuz/?id=Uk83OUt2T214S3VwSkY0QmlpUzRlS0lnSlpkZzYwRTBYWGlXNG5uZ1RPQ1A0YTA4ekxkb1BRSG1TUTU2MDd3UkxtUG5uRU9EN3NJQnExQXM3VVZweS82anVpbUlSWDU2TFE9PQ=="
            },
            {
              "title": "KFiles",
              "url": "https://desustream.com/safelink/linkuz/?id=Uk83OUt2T214S3V2TTFnTHdTU2tQcWdzT3R3czRXSWlhbG02K2dXTkw4Nmh3N1Y3MExKMlFESDRGam80eVBsTGNRPT0="
            }
          ]
        },
        {
          "title": "MKV_480p",
          "size": "74.6 MB",
          "urls": [
            {
              "title": "ODFiles",
              "url": "https://desustream.com/safelink/linkuz/?id=Uk83OUt2T214S3VyTlZnTDBTeXJPNkU2WjV3cStpQmtld2ErNzF5MUg3aVN2YzgrMXJOQ0JDTDFIeXhqanVSSlFtRDlobTZYOUtGWXYwMEs3MGdlZ2NMc29UZUhMV2RXS3hJPQ=="
            },
            {
              "title": "Pdrain",
              "url": "https://desustream.com/safelink/linkuz/?id=Uk83OUt2T214S3UwS0VFRnlDNndOcTBuWjVFZzR5QjRNMmFUeXgrRUVkeWc="
            },
            {
              "title": "Acefile",
              "url": "https://desustream.com/safelink/linkuz/?id=Uk83OUt2T214S3VsSWx3R3pTYW5lYWNtWnBSZ3Z6NDlKUWp2dVJ6MVZPYU03NUZrL2FKUUducjRGUUI5dy9wTk1CdVBqa2pScjZWUjBIQk05QmRR"
            },
            {
              "title": "GoFile",
              "url": "https://desustream.com/safelink/linkuz/?id=Uk83OUt2T214S3VqTGw4SnlDL3NQcXRtTGQwcDEwVjFSbkk9"
            },
            {
              "title": "Mega",
              "url": "https://desustream.com/safelink/linkuz/?id=Uk83OUt2T214S3VwSkY0QmlpUzRlS0lnSlpkZzYwazFSRjZiNTNuZ05QM0J5clY4MElGVURETHBJaGxPN2JSbmFSektua3Y4NGRNcXRFNVIwZzlzNGZ1Ry9SbWNhbnhrRHc9PQ=="
            },
            {
              "title": "KFiles",
              "url": "https://desustream.com/safelink/linkuz/?id=Uk83OUt2T214S3V2TTFnTHdTU2tQcWdzT3R3czRXSWlhbG02K2dXVU04QzU2SjkrcXBKWlFESDRGam80eVBsTGNRPT0="
            }
          ]
        },
        {
          "title": "MKV_720p",
          "size": "143.6 MB",
          "urls": [
            {
              "title": "ODFiles",
              "url": "https://desustream.com/safelink/linkuz/?id=Uk83OUt2T214S3VyTlZnTDBTeXJPNkU2WjV3cStpQnNMMEh2L2tpb0YreWM0STArMXJOQ0JDTDFIeXhqanVSSlFtRDlobTZYOUtGWXYwMEs3MHNVZ2NMc29UZUhMV2RXS3hJPQ=="
            },
            {
              "title": "Pdrain",
              "url": "https://desustream.com/safelink/linkuz/?id=Uk83OUt2T214S3UwS0VFRnlDNndOcTBuWjVFZzR5QjRNMW10NldHR1BmdVM="
            },
            {
              "title": "Acefile",
              "url": "https://desustream.com/safelink/linkuz/?id=Uk83OUt2T214S3VsSWx3R3pTYW5lYWNtWnBSZ3Z6NDlKUWp2dVJ6N1ZPYU03NUZrL2FKUUducjRGUUI5dy9wTk1CdVBqa2pScjZaYjBIQk05QmRR"
            },
            {
              "title": "GoFile",
              "url": "https://desustream.com/safelink/linkuz/?id=Uk83OUt2T214S3VqTGw4SnlDL3NQcXRtTGQwcDEwVjFSbkk9"
            },
            {
              "title": "Mega",
              "url": "https://desustream.com/safelink/linkuz/?id=Uk83OUt2T214S3VwSkY0QmlpUzRlS0lnSlpkZzcwMURUZ0tONTI3Z0w3NmE3YlpoMDZCaVhRU3BNUXRDNkxzVGZuano1Rno3N3Y0NmhuZ3EvVEp5Z2RHUS9TYUhaVHBJRXc9PQ=="
            },
            {
              "title": "KFiles",
              "url": "https://desustream.com/safelink/linkuz/?id=Uk83OUt2T214S3V2TTFnTHdTU2tQcWdzT3R3czRXSWlhbG02K2dXQ0E5bWgrSjl3ektOa1FESDRGam80eVBsTGNRPT0="
            }
          ]
        },
        {
          "title": "MKV_1080p",
          "size": "237.2 MB",
          "urls": [
            {
              "title": "ODFiles",
              "url": "https://desustream.com/safelink/linkuz/?id=Uk83OUt2T214S3VyTlZnTDBTeXJPNkU2WjV3cStpQTFkZ0x1Nmg2MEZPUEl0NWsrMXJOQ0JDTDFIeXhqanVSSlFtRDlobTZYOUtGWXYwMEs3MDBXaVlLeTRqR2FkU0ZLTWhPUA=="
            },
            {
              "title": "Pdrain",
              "url": "https://desustream.com/safelink/linkuz/?id=Uk83OUt2T214S3UwS0VFRnlDNndOcTBuWjVFZzR5QjRNMmE2d0VpaUM3dWM="
            },
            {
              "title": "Acefile",
              "url": "https://desustream.com/safelink/linkuz/?id=Uk83OUt2T214S3VsSWx3R3pTYW5lYWNtWnBSZ3Z6NDlKUWp2dVJ6NlZPYU03NUZrL2FKUUducjRGUUI5dy9wTk1CdVBqa2pScjZCWjJEQVJ0QkZOeHc9PQ=="
            },
            {
              "title": "GoFile",
              "url": "https://desustream.com/safelink/linkuz/?id=Uk83OUt2T214S3VqTGw4SnlDL3NQcXRtTGQwcDEwVjFSbkk9"
            },
            {
              "title": "Mega",
              "url": "https://desustream.com/safelink/linkuz/?id=Uk83OUt2T214S3VwSkY0QmlpUzRlS0lnSlpkZzYydElYZ0c5LzN2Z0M5bVY1SlJmK3I1ckdDYWhORE5VamVBTFZXTC9zR0hBdS9NRDFWOVF3QXBUaU9Xc25oMmJjang3RHc9PQ=="
            },
            {
              "title": "KFiles",
              "url": "https://desustream.com/safelink/linkuz/?id=Uk83OUt2T214S3V2TTFnTHdTU2tQcWdzT3R3czRXSWlhbG02K2dYMkVmK3R2cUJseWE5aVFESDRGam80eVBsTGNRPT0="
            }
          ]
        }
      ]
    },
    "info": {
      "credit": "Samehadaku",
      "encoder": "Samehadaku",
      "duration": "23 Min.",
      "type": "TV",
      "genreList": [
        {
          "title": "School",
          "genreId": "school",
          "href": "/anime/genre/school",
          "otakudesuUrl": "https://otakudesu.best/genres/school/"
        },
        {
          "title": "Supernatural",
          "genreId": "supernatural",
          "href": "/anime/genre/supernatural",
          "otakudesuUrl": "https://otakudesu.best/genres/supernatural/"
        }
      ],
      "episodeList": [
        {
          "title": "Episode 5",
          "eps": 5,
          "date": "",
          "episodeId": "kcwk-episode-5-sub-indo",
          "href": "/anime/episode/kcwk-episode-5-sub-indo",
          "otakudesuUrl": "https://otakudesu.best/episode/kcwk-episode-5-sub-indo/"
        },
        {
          "title": "Episode 4",
          "eps": 4,
          "date": "",
          "episodeId": "kcwk-episode-4-sub-indo",
          "href": "/anime/episode/kcwk-episode-4-sub-indo",
          "otakudesuUrl": "https://otakudesu.best/episode/kcwk-episode-4-sub-indo/"
        },
        {
          "title": "Episode 3",
          "eps": 3,
          "date": "",
          "episodeId": "kcwk-episode-3-sub-indo",
          "href": "/anime/episode/kcwk-episode-3-sub-indo",
          "otakudesuUrl": "https://otakudesu.best/episode/kcwk-episode-3-sub-indo/"
        },
        {
          "title": "Episode 2",
          "eps": 2,
          "date": "",
          "episodeId": "kcwk-episode-2-sub-indo",
          "href": "/anime/episode/kcwk-episode-2-sub-indo",
          "otakudesuUrl": "https://otakudesu.best/episode/kcwk-episode-2-sub-indo/"
        },
        {
          "title": "Episode 1",
          "eps": 1,
          "date": "",
          "episodeId": "kcwk-episode-1-sub-indo",
          "href": "/anime/episode/kcwk-episode-1-sub-indo",
          "otakudesuUrl": "https://otakudesu.best/episode/kcwk-episode-1-sub-indo/"
        }
      ]
    }
  },
  "pagination": null
}