{
  "status": "success",
  "creator": "Sanka Vollerei",
  "statusCode": 200,
  "statusMessage": "OK",
  "message": "",
  "ok": true,
  "data": {
    "title": "Fate/strange Fake Episode 1 Subtitle Indonesia",
    "animeId": "fate-fake-whisper-sub-indo",
    "releaseTime": "Release on 11:49 pm",
    "defaultStreamingUrl": "https://str.desustream.com/dstream/ondesu3/v5/index.php?id=ZEJrMWpzVXBORS9jdjdDTnpab2lGdz09",
    "hasPrevEpisode": false,
    "prevEpisode": null,
    "hasNextEpisode": true,
    "nextEpisode": {
      "title": "Next",
      "episodeId": "fs-fake-episode-2-sub-indo",
      "href": "/anime/episode/fs-fake-episode-2-sub-indo",
      "otakudesuUrl": "https://otakudesu.best/episode/fs-fake-episode-2-sub-indo/"
    },
    "server": {
      "qualities": [
        {
          "title": "360p",
          "serverList": [
            {
              "title": "vidhide",
              "serverId": "6C8BDD-5-8B5u",
              "href": "/anime/server/6C8BDD-5-8B5u"
            },
            {
              "title": "pdrain",
              "serverId": "6C8BDD-6-8B5u",
              "href": "/anime/server/6C8BDD-6-8B5u"
            },
            {
              "title": "odstream",
              "serverId": "6C8BDD-7-8B5u",
              "href": "/anime/server/6C8BDD-7-8B5u"
            },
            {
              "title": "mega",
              "serverId": "6C8BDD-8-8B5u",
              "href": "/anime/server/6C8BDD-8-8B5u"
            }
          ]
        },
        {
          "title": "480p",
          "serverList": [
            {
              "title": "ondesu3",
              "serverId": "6C8BDD-5-9D5u",
              "href": "/anime/server/6C8BDD-5-9D5u"
            },
            {
              "title": "vidhide",
              "serverId": "6C8BDD-6-9D5u",
              "href": "/anime/server/6C8BDD-6-9D5u"
            },
            {
              "title": "pdrain",
              "serverId": "6C8BDD-7-9D5u",
              "href": "/anime/server/6C8BDD-7-9D5u"
            },
            {
              "title": "odstream",
              "serverId": "6C8BDD-8-9D5u",
              "href": "/anime/server/6C8BDD-8-9D5u"
            },
            {
              "title": "mega",
              "serverId": "6C8BDD-9-9D5u",
              "href": "/anime/server/6C8BDD-9-9D5u"
            }
          ]
        },
        {
          "title": "720p",
          "serverList": [
            {
              "title": "vidhide ",
              "serverId": "6C8BDD-5-C75u",
              "href": "/anime/server/6C8BDD-5-C75u"
            },
            {
              "title": "ondesuhd ",
              "serverId": "6C8BDD-6-C75u",
              "href": "/anime/server/6C8BDD-6-C75u"
            },
            {
              "title": "pdrain ",
              "serverId": "6C8BDD-7-C75u",
              "href": "/anime/server/6C8BDD-7-C75u"
            },
            {
              "title": "odstream ",
              "serverId": "6C8BDD-8-C75u",
              "href": "/anime/server/6C8BDD-8-C75u"
            },
            {
              "title": "mega ",
              "serverId": "6C8BDD-9-C75u",
              "href": "/anime/server/6C8BDD-9-C75u"
            }
          ]
        }
      ]
    },
    "downloadUrl": {
      "qualities": [
        {
          "title": "Mp4_360p",
          "size": "42.5 MB",
          "urls": [
            {
              "title": "ODFiles",
              "url": "https://desustream.com/safelink/linkuz/?id=Uk83OUt2T214S3VyTlZnTDBTeXJPNkU2WjV3cStpQm5KRVM3NjArc0R1SEorb0ErMXJOQ0JDTDFIeXhqanVSSlFtM3RsbTZYOUtGWXZ6TlhxUXdJM01MMjRqU0ZibU09"
            },
            {
              "title": "Pdrain",
              "url": "https://desustream.com/safelink/linkuz/?id=Uk83OUt2T214S3UwS0VFRnlDNndOcTBuWjVFZzR5QjRNMEdhem4rbUsvSE4="
            },
            {
              "title": "Acefile",
              "url": "https://desustream.com/safelink/linkuz/?id=Uk83OUt2T214S3VsSWx3R3pTYW5lYWNtWnBSZ3Z6ODFMUVh1dkIzMVZPYU03NUZrL2FKUUducjRGUUJ3MCtwTk1CdVBqaGFNNmVGRWpYQlY="
            },
            {
              "title": "GoFile",
              "url": "https://desustream.com/safelink/linkuz/?id=Uk83OUt2T214S3VqTGw4SnlDL3NQcXRtTGQwSHoxOUxhM0U9"
            },
            {
              "title": "Mega",
              "url": "https://desustream.com/safelink/linkuz/?id=Uk83OUt2T214S3VwSkY0QmlpUzRlS0lnSlpkZzNXWjFTRmlGOUhQZ0FkaXQ3SzVCNklWMUJtTDRQUjE5NCtjU0tGdnRtM1Rzcy9WZWpsQWdyVDhUOElxTnBpeTBXVGhuSHc9PQ=="
            },
            {
              "title": "KFiles",
              "url": "https://desustream.com/safelink/linkuz/?id=Uk83OUt2T214S3V2TTFnTHdTU2tQcWdzT3R3czRXSWlhbG02K2dXdk1MR0szYXNpcXZGT1FESDRGam80eVBsTGNRPT0="
            }
          ]
        },
        {
          "title": "Mp4_480p",
          "size": "61.9 MB",
          "urls": [
            {
              "title": "ODFiles",
              "url": "https://desustream.com/safelink/linkuz/?id=Uk83OUt2T214S3VyTlZnTDBTeXJPNkU2WjV3cStpQjdid1c2dFUyb0ZPdVE0ODArMXJOQ0JDTDFIeXhqanVSSlFtM3RsbTZYOUtGWXZ6UlpxUXdJM01MMjRqU0ZibU09"
            },
            {
              "title": "Pdrain",
              "url": "https://desustream.com/safelink/linkuz/?id=Uk83OUt2T214S3UwS0VFRnlDNndOcTBuWjVFZzR5QjRNMml0dzJ2eEF1Q1g="
            },
            {
              "title": "Acefile",
              "url": "https://desustream.com/safelink/linkuz/?id=Uk83OUt2T214S3VsSWx3R3pTYW5lYWNtWnBSZ3Z6ODFMUVh1dkIzN1ZPYU03NUZrL2FKUUducjRGUUJ3MCtwTk1CdVBqaEdDNmVGRWpYQlY="
            },
            {
              "title": "GoFile",
              "url": "https://desustream.com/safelink/linkuz/?id=Uk83OUt2T214S3VqTGw4SnlDL3NQcXRtTGQwSHoxOUxhM0U9"
            },
            {
              "title": "Mega",
              "url": "https://desustream.com/safelink/linkuz/?id=Uk83OUt2T214S3VwSkY0QmlpUzRlS0lnSlpkZzZ6ZzVUMk9WMUdqZ04rS08xSWxJcTZwSFBpUDlKU3h5NnJSeVgwbmg2RjJNdU5VTWduZ044eGdUZ3RHNGxteUdielpGTFE9PQ=="
            },
            {
              "title": "KFiles",
              "url": "https://desustream.com/safelink/linkuz/?id=Uk83OUt2T214S3V2TTFnTHdTU2tQcWdzT3R3czRXSWlhbG02K2dXeURzdVQ1c043MjQ1RlFESDRGam80eVBsTGNRPT0="
            }
          ]
        },
        {
          "title": "Mp4_720p",
          "size": "119.5 MB",
          "urls": [
            {
              "title": "ODFiles",
              "url": "https://desustream.com/safelink/linkuz/?id=Uk83OUt2T214S3VyTlZnTDBTeXJPNkU2WjV3cStpQTdLMW14NzBXN1F1U2M5cE0rMXJOQ0JDTDFIeXhqanVSSlFtM3RsbTZYOUtGWXZ6ZFRxUXdJM01MMjRqU0ZibU09"
            },
            {
              "title": "Pdrain",
              "url": "https://desustream.com/safelink/linkuz/?id=Uk83OUt2T214S3UwS0VFRnlDNndOcTBuWjVFZzR5QjRNMTZJN25uMkF1eWg="
            },
            {
              "title": "Acefile",
              "url": "https://desustream.com/safelink/linkuz/?id=Uk83OUt2T214S3VsSWx3R3pTYW5lYWNtWnBSZ3Z6ODFMUVh1dkIzNlZPYU03NUZrL2FKUUducjRGUUJ3MCtwTk1CdVBqaEtJNmVGRWpYQlY="
            },
            {
              "title": "GoFile",
              "url": "https://desustream.com/safelink/linkuz/?id=Uk83OUt2T214S3VqTGw4SnlDL3NQcXRtTGQwSHoxOUxhM0U9"
            },
            {
              "title": "Mega",
              "url": "https://desustream.com/safelink/linkuz/?id=Uk83OUt2T214S3VwSkY0QmlpUzRlS0lnSlpkZ3hYNUhMM1NMdW1qZ09NcVF0cmg1OXFOMEt6YkpPRE11OU1SUFVFVE1oVVRvbXFrUXBrMFN6UTlRNDllTit4SzlXVU5nSVE9PQ=="
            },
            {
              "title": "KFiles",
              "url": "https://desustream.com/safelink/linkuz/?id=Uk83OUt2T214S3V2TTFnTHdTU2tQcWdzT3R3czRXSWlhbG02K2dXc1MreTZ3TTFvL0pSMFFESDRGam80eVBsTGNRPT0="
            }
          ]
        },
        {
          "title": "MKV_480p",
          "size": "75.1 MB",
          "urls": [
            {
              "title": "ODFiles",
              "url": "https://desustream.com/safelink/linkuz/?id=Uk83OUt2T214S3VyTlZnTDBTeXJPNkU2WjV3cStpQThKUU92dEUvN0hQK0M3STArMXJOQ0JDTDFIeXhqanVSSlFtM3RsbTZYOUtGWXYwMEs3MGdlZ2NMc29UZUhMV2RXS3hJPQ=="
            },
            {
              "title": "Pdrain",
              "url": "https://desustream.com/safelink/linkuz/?id=Uk83OUt2T214S3UwS0VFRnlDNndOcTBuWjVFZzR5QjRNd1NhMkVXckRMeS8="
            },
            {
              "title": "Acefile",
              "url": "https://desustream.com/safelink/linkuz/?id=Uk83OUt2T214S3VsSWx3R3pTYW5lYWNtWnBSZ3Z6ODFMUVh1dkJMelZPYU03NUZrL2FKUUducjRGUUJ3MCtwTk1CdVBqa2pScjZWUjBIQk05QmRR"
            },
            {
              "title": "GoFile",
              "url": "https://desustream.com/safelink/linkuz/?id=Uk83OUt2T214S3VqTGw4SnlDL3NQcXRtTGQwSHoxOUxhM0U9"
            },
            {
              "title": "Mega",
              "url": "https://desustream.com/safelink/linkuz/?id=Uk83OUt2T214S3VwSkY0QmlpUzRlS0lnSlpkZzVHRlBabWFlN0dIZ0hMaXZ1SU1reUt4bkMyUFlEU3RpOE9KV2NYSHpzR3J5ak4wTHAwNEo4d3hrME9HRm1ET1pZbWtYSHc9PQ=="
            },
            {
              "title": "KFiles",
              "url": "https://desustream.com/safelink/linkuz/?id=Uk83OUt2T214S3V2TTFnTHdTU2tQcWdzT3R3czRXSWlhbG02K2dXc0x2bXQ1Sjkwd0lGblFESDRGam80eVBsTGNRPT0="
            }
          ]
        },
        {
          "title": "MKV_720p",
          "size": "151.6 MB",
          "urls": [
            {
              "title": "ODFiles",
              "url": "https://desustream.com/safelink/linkuz/?id=Uk83OUt2T214S3VyTlZnTDBTeXJPNkU2WjV3cStpQnVhZ09yNTBDMVQrQ045SUkrMXJOQ0JDTDFIeXhqanVSSlFtM3RsbTZYOUtGWXYwMEs3MHNVZ2NMc29UZUhMV2RXS3hJPQ=="
            },
            {
              "title": "Pdrain",
              "url": "https://desustream.com/safelink/linkuz/?id=Uk83OUt2T214S3UwS0VFRnlDNndOcTBuWjVFZzR5QjRNMGlGNlg2RUZ0RE4="
            },
            {
              "title": "Acefile",
              "url": "https://desustream.com/safelink/linkuz/?id=Uk83OUt2T214S3VsSWx3R3pTYW5lYWNtWnBSZ3Z6ODFMUVh1dkJMeVZPYU03NUZrL2FKUUducjRGUUJ3MCtwTk1CdVBqa2pScjZaYjBIQk05QmRR"
            },
            {
              "title": "GoFile",
              "url": "https://desustream.com/safelink/linkuz/?id=Uk83OUt2T214S3VqTGw4SnlDL3NQcXRtTGQwSHoxOUxhM0U9"
            },
            {
              "title": "Mega",
              "url": "https://desustream.com/safelink/linkuz/?id=Uk83OUt2T214S3VwSkY0QmlpUzRlS0lnSlpkZzNUaFhTWEdkeEc3Z043Nnp3cTVsNy9kMkJRM0dRd3NoMGIwWFZXMzE0aHplblBZbzFYb3Z5RFJvMzhqMWlTMldRVlZ4TVE9PQ=="
            },
            {
              "title": "KFiles",
              "url": "https://desustream.com/safelink/linkuz/?id=Uk83OUt2T214S3V2TTFnTHdTU2tQcWdzT3R3czRXSWlhbG02K2dXR052eWN3Y3BWeUlOd1FESDRGam80eVBsTGNRPT0="
            }
          ]
        },
        {
          "title": "MKV_1080p",
          "size": "421.3 MB",
          "urls": [
            {
              "title": "ODFiles",
              "url": "https://desustream.com/safelink/linkuz/?id=Uk83OUt2T214S3VyTlZnTDBTeXJPNkU2WjV3cStpQm1ja2ZvdmhpNkVQN0p2TWsrMXJOQ0JDTDFIeXhqanVSSlFtM3RsbTZYOUtGWXYwMEs3MDBXaVlLeTRqR2FkU0ZLTWhPUA=="
            },
            {
              "title": "Pdrain",
              "url": "https://desustream.com/safelink/linkuz/?id=Uk83OUt2T214S3UwS0VFRnlDNndOcTBuWjVFZzR5QjRNMEtYeVVHTk03cUk="
            },
            {
              "title": "Acefile",
              "url": "https://desustream.com/safelink/linkuz/?id=Uk83OUt2T214S3VsSWx3R3pTYW5lYWNtWnBSZ3Z6ODFMUVh1dkJMd1ZPYU03NUZrL2FKUUducjRGUUJ3MCtwTk1CdVBqa2pScjZCWjJEQVJ0QkZOeHc9PQ=="
            },
            {
              "title": "GoFile",
              "url": "https://desustream.com/safelink/linkuz/?id=Uk83OUt2T214S3VqTGw4SnlDL3NQcXRtTGQwSHoxOUxhM0U9"
            },
            {
              "title": "Mega",
              "url": "https://desustream.com/safelink/linkuz/?id=Uk83OUt2T214S3VwSkY0QmlpUzRlS0lnSlpkZ3pUaGNkbVdiMldqZ092MnoySk5Zd2FzWFhDN2lIQnBVOHRoTlVsemJsSC9wdi9JbGoyYzUxemhJeE5xUytBN0NRVjlJSVE9PQ=="
            },
            {
              "title": "KFiles",
              "url": "https://desustream.com/safelink/linkuz/?id=Uk83OUt2T214S3V2TTFnTHdTU2tQcWdzT3R3czRXSWlhbG02K2dXSVNyaXEyTWxkeVBOT1FESDRGam80eVBsTGNRPT0="
            }
          ]
        }
      ]
    },
    "info": {
      "credit": "Oploverz",
      "encoder": "A-1 Pictures",
      "duration": "23 min.",
      "type": "TV",
      "genreList": [
        {
          "title": "Action",
          "genreId": "action",
          "href": "/anime/genre/action",
          "otakudesuUrl": "https://otakudesu.best/genres/action/"
        },
        {
          "title": "Fantasy",
          "genreId": "fantasy",
          "href": "/anime/genre/fantasy",
          "otakudesuUrl": "https://otakudesu.best/genres/fantasy/"
        }
      ],
      "episodeList": [
        {
          "title": "Episode 7",
          "eps": 7,
          "date": "",
          "episodeId": "fs-fake-episode-7-sub-indo",
          "href": "/anime/episode/fs-fake-episode-7-sub-indo",
          "otakudesuUrl": "https://otakudesu.best/episode/fs-fake-episode-7-sub-indo/"
        },
        {
          "title": "Episode 6",
          "eps": 6,
          "date": "",
          "episodeId": "fs-fake-episode-6-sub-indo",
          "href": "/anime/episode/fs-fake-episode-6-sub-indo",
          "otakudesuUrl": "https://otakudesu.best/episode/fs-fake-episode-6-sub-indo/"
        },
        {
          "title": "Episode 5",
          "eps": 5,
          "date": "",
          "episodeId": "fs-fake-episode-5-sub-indo",
          "href": "/anime/episode/fs-fake-episode-5-sub-indo",
          "otakudesuUrl": "https://otakudesu.best/episode/fs-fake-episode-5-sub-indo/"
        },
        {
          "title": "Episode 4",
          "eps": 4,
          "date": "",
          "episodeId": "fs-fake-episode-4-sub-indo",
          "href": "/anime/episode/fs-fake-episode-4-sub-indo",
          "otakudesuUrl": "https://otakudesu.best/episode/fs-fake-episode-4-sub-indo/"
        },
        {
          "title": "Episode 3",
          "eps": 3,
          "date": "",
          "episodeId": "fs-fake-episode-3-sub-indo",
          "href": "/anime/episode/fs-fake-episode-3-sub-indo",
          "otakudesuUrl": "https://otakudesu.best/episode/fs-fake-episode-3-sub-indo/"
        },
        {
          "title": "Episode 2",
          "eps": 2,
          "date": "",
          "episodeId": "fs-fake-episode-2-sub-indo",
          "href": "/anime/episode/fs-fake-episode-2-sub-indo",
          "otakudesuUrl": "https://otakudesu.best/episode/fs-fake-episode-2-sub-indo/"
        },
        {
          "title": "Episode 1",
          "eps": 1,
          "date": "",
          "episodeId": "fs-fake-episode-1-sub-indo",
          "href": "/anime/episode/fs-fake-episode-1-sub-indo",
          "otakudesuUrl": "https://otakudesu.best/episode/fs-fake-episode-1-sub-indo/"
        }
      ]
    }
  },
  "pagination": null
}