{
  "status": "success",
  "creator": "Sanka Vollerei",
  "statusCode": 200,
  "statusMessage": "OK",
  "message": "",
  "ok": true,
  "data": {
    "title": "Wandance",
    "poster": "https://otakudesu.best/wp-content/uploads/2026/01/Wandance-Sub-Indo.jpg",
    "japanese": "ワンダンス",
    "score": "Fall 2025",
    "producers": "TV Asahi, Kodansha, Asmik Ace, Sound Team Don Juan, Current",
    "type": "TV",
    "status": "Completed",
    "episodes": 12,
    "duration": "23 Menit",
    "aired": "Okt 08, 2025",
    "studios": "Madhouse, Cyclone Graphics",
    "batch": {
      "title": "Wandance [BATCH] Subtitle Indonesia",
      "batchId": "wdnce-batch-sub-indo",
      "href": "/anime/batch/wdnce-batch-sub-indo",
      "otakudesuUrl": "https://otakudesu.best/batch/wdnce-batch-sub-indo/"
    },
    "synopsis": {
      "paragraphs": [
        "Ketika SMP dulu, Kaboku Kotani memiliki sebuah trauma yang begitu mendalam soal tarian. Pasalnya, ia pernah ditertawakan oleh seluruh teman kelasnya karena gaya menarinya yang begitu aneh dan terasa sangat kaku.",
        "Setelah masuk di SMA Ichirin, Kotani memilih untuk menjauh dari klub tarian. Namun, pertemuannya dengan Wanda Hikari mengubah segala persepsinya tentang menari. Sebab, Wanda adalah salah satu gadis yang sangat suka dengan tarian.",
        "Kini, Kotani memutuskan untuk bergabung dengan klub dance setelah melihat Wanda yang ingin bebas dalam melakukan apa yang ia sukai."
      ],
      "connections": []
    },
    "genreList": [
      {
        "title": "Performing Arts",
        "genreId": "performing-arts",
        "href": "/anime/genre/performing-arts",
        "otakudesuUrl": "https://otakudesu.best/genres/performing-arts/"
      },
      {
        "title": "School",
        "genreId": "school",
        "href": "/anime/genre/school",
        "otakudesuUrl": "https://otakudesu.best/genres/school/"
      },
      {
        "title": "Seinen",
        "genreId": "seinen",
        "href": "/anime/genre/seinen",
        "otakudesuUrl": "https://otakudesu.best/genres/seinen/"
      },
      {
        "title": "Sports",
        "genreId": "sports",
        "href": "/anime/genre/sports",
        "otakudesuUrl": "https://otakudesu.best/genres/sports/"
      }
    ],
    "episodeList": [
      {
        "title": "Wandance Episode 12 (End) Subtitle Indonesia",
        "eps": 12,
        "date": "25 Januari,2026",
        "episodeId": "wdnce-episode-12-sub-indo",
        "href": "/anime/episode/wdnce-episode-12-sub-indo",
        "otakudesuUrl": "https://otakudesu.best/episode/wdnce-episode-12-sub-indo/"
      },
      {
        "title": "Wandance Episode 11 Subtitle Indonesia",
        "eps": 11,
        "date": "25 Januari,2026",
        "episodeId": "wdnce-episode-11-sub-indo",
        "href": "/anime/episode/wdnce-episode-11-sub-indo",
        "otakudesuUrl": "https://otakudesu.best/episode/wdnce-episode-11-sub-indo/"
      },
      {
        "title": "Wandance Episode 10 Subtitle Indonesia",
        "eps": 10,
        "date": "25 Januari,2026",
        "episodeId": "wdnce-episode-10-sub-indo",
        "href": "/anime/episode/wdnce-episode-10-sub-indo",
        "otakudesuUrl": "https://otakudesu.best/episode/wdnce-episode-10-sub-indo/"
      },
      {
        "title": "Wandance Episode 9 Subtitle Indonesia",
        "eps": 9,
        "date": "25 Januari,2026",
        "episodeId": "wdnce-episode-9-sub-indo",
        "href": "/anime/episode/wdnce-episode-9-sub-indo",
        "otakudesuUrl": "https://otakudesu.best/episode/wdnce-episode-9-sub-indo/"
      },
      {
        "title": "Wandance Episode 8 Subtitle Indonesia",
        "eps": 8,
        "date": "25 Januari,2026",
        "episodeId": "wdnce-episode-8-sub-indo",
        "href": "/anime/episode/wdnce-episode-8-sub-indo",
        "otakudesuUrl": "https://otakudesu.best/episode/wdnce-episode-8-sub-indo/"
      },
      {
        "title": "Wandance Episode 7 Subtitle Indonesia",
        "eps": 7,
        "date": "25 Januari,2026",
        "episodeId": "wdnce-episode-7-sub-indo",
        "href": "/anime/episode/wdnce-episode-7-sub-indo",
        "otakudesuUrl": "https://otakudesu.best/episode/wdnce-episode-7-sub-indo/"
      },
      {
        "title": "Wandance Episode 6 Subtitle Indonesia",
        "eps": 6,
        "date": "25 Januari,2026",
        "episodeId": "wdnce-episode-6-sub-indo",
        "href": "/anime/episode/wdnce-episode-6-sub-indo",
        "otakudesuUrl": "https://otakudesu.best/episode/wdnce-episode-6-sub-indo/"
      },
      {
        "title": "Wandance Episode 5 Subtitle Indonesia",
        "eps": 5,
        "date": "25 Januari,2026",
        "episodeId": "wdnce-episode-5-sub-indo",
        "href": "/anime/episode/wdnce-episode-5-sub-indo",
        "otakudesuUrl": "https://otakudesu.best/episode/wdnce-episode-5-sub-indo/"
      },
      {
        "title": "Wandance Episode 4 Subtitle Indonesia",
        "eps": 4,
        "date": "25 Januari,2026",
        "episodeId": "wdnce-episode-4-sub-indo",
        "href": "/anime/episode/wdnce-episode-4-sub-indo",
        "otakudesuUrl": "https://otakudesu.best/episode/wdnce-episode-4-sub-indo/"
      },
      {
        "title": "Wandance Episode 3 Subtitle Indonesia",
        "eps": 3,
        "date": "25 Januari,2026",
        "episodeId": "wdnce-episode-3-sub-indo",
        "href": "/anime/episode/wdnce-episode-3-sub-indo",
        "otakudesuUrl": "https://otakudesu.best/episode/wdnce-episode-3-sub-indo/"
      },
      {
        "title": "Wandance Episode 2 Subtitle Indonesia",
        "eps": 2,
        "date": "25 Januari,2026",
        "episodeId": "wdnce-episode-2-sub-indo",
        "href": "/anime/episode/wdnce-episode-2-sub-indo",
        "otakudesuUrl": "https://otakudesu.best/episode/wdnce-episode-2-sub-indo/"
      },
      {
        "title": "Wandance Episode 1 Subtitle Indonesia",
        "eps": 1,
        "date": "25 Januari,2026",
        "episodeId": "wdnce-episode-1-sub-indo",
        "href": "/anime/episode/wdnce-episode-1-sub-indo",
        "otakudesuUrl": "https://otakudesu.best/episode/wdnce-episode-1-sub-indo/"
      }
    ],
    "recommendedAnimeList": [
      {
        "title": "Towa no Yuugure",
        "poster": "https://otakudesu.best/wp-content/uploads/2026/02/Towa-no-Yuugure-Sub-Indo.jpg",
        "animeId": "towa-yuugure-sub-indo",
        "href": "/anime/anime/towa-yuugure-sub-indo",
        "otakudesuUrl": "https://otakudesu.best/anime/towa-yuugure-sub-indo/"
      },
      {
        "title": "Wandance",
        "poster": "https://otakudesu.best/wp-content/uploads/2026/01/Wandance-Sub-Indo.jpg",
        "animeId": "wandnce-sub-indo",
        "href": "/anime/anime/wandnce-sub-indo",
        "otakudesuUrl": "https://otakudesu.best/anime/wandnce-sub-indo/"
      },
      {
        "title": "Nageki no Bourei wa Intai shitai Season 2",
        "poster": "https://otakudesu.best/wp-content/uploads/2026/01/Nageki-no-Bourei-wa-Intai-shitai-Season-2-Sub-Indo.jpg",
        "animeId": "ageki-bourei-intai-shitai-s2-sub-indo",
        "href": "/anime/anime/ageki-bourei-intai-shitai-s2-sub-indo",
        "otakudesuUrl": "https://otakudesu.best/anime/ageki-bourei-intai-shitai-s2-sub-indo/"
      },
      {
        "title": "Chichi wa Eiyuu, Haha wa Seirei, Musume no Watashi wa Tenseisha.",
        "poster": "https://otakudesu.best/wp-content/uploads/2026/01/Chichi-wa-Eiyuu-Haha-wa-Seirei-Musume-no-Watashi-wa-Tenseisha.-Sub-Indo.jpg",
        "animeId": "chichi-haha-seirei-sub-indo",
        "href": "/anime/anime/chichi-haha-seirei-sub-indo",
        "otakudesuUrl": "https://otakudesu.best/anime/chichi-haha-seirei-sub-indo/"
      },
      {
        "title": "Mugen Gacha",
        "poster": "https://otakudesu.best/wp-content/uploads/2026/01/Mugen-Gacha-Sub-Indo.jpg",
        "animeId": "mugen-gacha-sub-indo",
        "href": "/anime/anime/mugen-gacha-sub-indo",
        "otakudesuUrl": "https://otakudesu.best/anime/mugen-gacha-sub-indo/"
      }
    ]
  },
  "pagination": null
}