{
  "status": "success",
  "creator": "Sanka Vollerei",
  "statusCode": 200,
  "statusMessage": "OK",
  "message": "",
  "ok": true,
  "data": {
    "title": "Digimon Beatbreak",
    "poster": "https://otakudesu.best/wp-content/uploads/2025/10/Digimon-Beatbreak.jpg",
    "japanese": "DIGIMON BEATBREAK（デジモンビートブレイク）",
    "score": "",
    "producers": "",
    "type": "TV",
    "status": "Ongoing",
    "episodes": null,
    "duration": "23 Min",
    "aired": "Okt 05, 2025",
    "studios": "Toei Animation",
    "batch": null,
    "synopsis": {
      "paragraphs": [
        "Di masa depan nanti, e-Pulse kini mampu membentuk pikirin serta emosi manusia dan digunakan sebagai energi untuk AI bernama Sapotama. Namun, pengembangan AI tersebut tidak lepas dari monster yang memakan e-Pulse.",
        "Cerita pun berpusat kepada Tomoro Tenma yang memiliki sebuah kekuatan unik yaitu ia mampu merusak Sapotama seseorang hanya dengan menyentuhnya.  Suatu hari, ia bertemu dengan Gekkomon dan diminta untuk mengikutinya ke suatu tempat.",
        "Sesampainya di sana, ia mendapati kakaknya yang tengah bertarung dengan monster. Sayangnya, sang kakak harus mengorbankan diri untuk menyelamatkan Tenma. Kini, kehidupan Tenma telah berubah setelah pertemuannya dengan Gekkomon.",
        " "
      ],
      "connections": []
    },
    "genreList": [
      {
        "title": "Action",
        "genreId": "action",
        "href": "/anime/genre/action",
        "otakudesuUrl": "https://otakudesu.best/genres/action/"
      },
      {
        "title": "Adventure",
        "genreId": "adventure",
        "href": "/anime/genre/adventure",
        "otakudesuUrl": "https://otakudesu.best/genres/adventure/"
      },
      {
        "title": "Comedy",
        "genreId": "comedy",
        "href": "/anime/genre/comedy",
        "otakudesuUrl": "https://otakudesu.best/genres/comedy/"
      },
      {
        "title": "Fantasy",
        "genreId": "fantasy",
        "href": "/anime/genre/fantasy",
        "otakudesuUrl": "https://otakudesu.best/genres/fantasy/"
      },
      {
        "title": "Sci-Fi",
        "genreId": "sci-fi",
        "href": "/anime/genre/sci-fi",
        "otakudesuUrl": "https://otakudesu.best/genres/sci-fi/"
      }
    ],
    "episodeList": [
      {
        "title": "Digimon Beatbreak Episode 18 Subtitle Indonesia",
        "eps": 18,
        "date": "8 Februari,2026",
        "episodeId": "dgbb-episode-18-sub-indo",
        "href": "/anime/episode/dgbb-episode-18-sub-indo",
        "otakudesuUrl": "https://otakudesu.best/episode/dgbb-episode-18-sub-indo/"
      },
      {
        "title": "Digimon Beatbreak Episode 17 Subtitle Indonesia",
        "eps": 17,
        "date": "1 Februari,2026",
        "episodeId": "dgbb-episode-17-sub-indo",
        "href": "/anime/episode/dgbb-episode-17-sub-indo",
        "otakudesuUrl": "https://otakudesu.best/episode/dgbb-episode-17-sub-indo/"
      },
      {
        "title": "Digimon Beatbreak Episode 16 Subtitle Indonesia",
        "eps": 16,
        "date": "25 Januari,2026",
        "episodeId": "dgbb-episode-16-sub-indo",
        "href": "/anime/episode/dgbb-episode-16-sub-indo",
        "otakudesuUrl": "https://otakudesu.best/episode/dgbb-episode-16-sub-indo/"
      },
      {
        "title": "Digimon Beatbreak Episode 15 Subtitle Indonesia",
        "eps": 15,
        "date": "18 Januari,2026",
        "episodeId": "dgbb-episode-15-sub-indo",
        "href": "/anime/episode/dgbb-episode-15-sub-indo",
        "otakudesuUrl": "https://otakudesu.best/episode/dgbb-episode-15-sub-indo/"
      },
      {
        "title": "Digimon Beatbreak Episode 14 Subtitle Indonesia",
        "eps": 14,
        "date": "11 Januari,2026",
        "episodeId": "dgbb-episode-14-sub-indo",
        "href": "/anime/episode/dgbb-episode-14-sub-indo",
        "otakudesuUrl": "https://otakudesu.best/episode/dgbb-episode-14-sub-indo/"
      },
      {
        "title": "Digimon Beatbreak Episode 13 Subtitle Indonesia",
        "eps": 13,
        "date": "4 Januari,2026",
        "episodeId": "dgbb-episode-13-sub-indo",
        "href": "/anime/episode/dgbb-episode-13-sub-indo",
        "otakudesuUrl": "https://otakudesu.best/episode/dgbb-episode-13-sub-indo/"
      },
      {
        "title": "Digimon Beatbreak Episode 12 Subtitle Indonesia",
        "eps": 12,
        "date": "21 Desember,2025",
        "episodeId": "dgbb-episode-12-sub-indo",
        "href": "/anime/episode/dgbb-episode-12-sub-indo",
        "otakudesuUrl": "https://otakudesu.best/episode/dgbb-episode-12-sub-indo/"
      },
      {
        "title": "Digimon Beatbreak Episode 11 Subtitle Indonesia",
        "eps": 11,
        "date": "14 Desember,2025",
        "episodeId": "dgbb-episode-11-sub-indo",
        "href": "/anime/episode/dgbb-episode-11-sub-indo",
        "otakudesuUrl": "https://otakudesu.best/episode/dgbb-episode-11-sub-indo/"
      },
      {
        "title": "Digimon Beatbreak Episode 10 Subtitle Indonesia",
        "eps": 10,
        "date": "7 Desember,2025",
        "episodeId": "dgbb-episode-10-sub-indo",
        "href": "/anime/episode/dgbb-episode-10-sub-indo",
        "otakudesuUrl": "https://otakudesu.best/episode/dgbb-episode-10-sub-indo/"
      },
      {
        "title": "Digimon Beatbreak Episode 9 Subtitle Indonesia",
        "eps": 9,
        "date": "30 November,2025",
        "episodeId": "dgbb-episode-9-sub-indo",
        "href": "/anime/episode/dgbb-episode-9-sub-indo",
        "otakudesuUrl": "https://otakudesu.best/episode/dgbb-episode-9-sub-indo/"
      },
      {
        "title": "Digimon Beatbreak Episode 8 Subtitle Indonesia",
        "eps": 8,
        "date": "23 November,2025",
        "episodeId": "dgbb-episode-8-sub-indo",
        "href": "/anime/episode/dgbb-episode-8-sub-indo",
        "otakudesuUrl": "https://otakudesu.best/episode/dgbb-episode-8-sub-indo/"
      },
      {
        "title": "Digimon Beatbreak Episode 7 Subtitle Indonesia",
        "eps": 7,
        "date": "16 November,2025",
        "episodeId": "dgbb-episode-7-sub-indo",
        "href": "/anime/episode/dgbb-episode-7-sub-indo",
        "otakudesuUrl": "https://otakudesu.best/episode/dgbb-episode-7-sub-indo/"
      },
      {
        "title": "Digimon Beatbreak Episode 6 Subtitle Indonesia",
        "eps": 6,
        "date": "9 November,2025",
        "episodeId": "dgbb-episode-6-sub-indo",
        "href": "/anime/episode/dgbb-episode-6-sub-indo",
        "otakudesuUrl": "https://otakudesu.best/episode/dgbb-episode-6-sub-indo/"
      },
      {
        "title": "Digimon Beatbreak Episode 5 Subtitle Indonesia",
        "eps": 5,
        "date": "2 November,2025",
        "episodeId": "dgbb-episode-5-sub-indo",
        "href": "/anime/episode/dgbb-episode-5-sub-indo",
        "otakudesuUrl": "https://otakudesu.best/episode/dgbb-episode-5-sub-indo/"
      },
      {
        "title": "Digimon Beatbreak Episode 4 Subtitle Indonesia",
        "eps": 4,
        "date": "26 Oktober,2025",
        "episodeId": "dgbb-episode-4-sub-indo",
        "href": "/anime/episode/dgbb-episode-4-sub-indo",
        "otakudesuUrl": "https://otakudesu.best/episode/dgbb-episode-4-sub-indo/"
      },
      {
        "title": "Digimon Beatbreak Episode 3 Subtitle Indonesia",
        "eps": 3,
        "date": "19 Oktober,2025",
        "episodeId": "dgbb-episode-3-sub-indo",
        "href": "/anime/episode/dgbb-episode-3-sub-indo",
        "otakudesuUrl": "https://otakudesu.best/episode/dgbb-episode-3-sub-indo/"
      },
      {
        "title": "Digimon Beatbreak Episode 2 Subtitle Indonesia",
        "eps": 2,
        "date": "12 Oktober,2025",
        "episodeId": "dgbb-episode-2-sub-indo",
        "href": "/anime/episode/dgbb-episode-2-sub-indo",
        "otakudesuUrl": "https://otakudesu.best/episode/dgbb-episode-2-sub-indo/"
      },
      {
        "title": "Digimon Beatbreak Episode 1 Subtitle Indonesia",
        "eps": 1,
        "date": "5 Oktober,2025",
        "episodeId": "dgbb-episode-1-sub-indo",
        "href": "/anime/episode/dgbb-episode-1-sub-indo",
        "otakudesuUrl": "https://otakudesu.best/episode/dgbb-episode-1-sub-indo/"
      }
    ],
    "recommendedAnimeList": [
      {
        "title": "Towa no Yuugure",
        "poster": "https://otakudesu.best/wp-content/uploads/2026/02/Towa-no-Yuugure-Sub-Indo.jpg",
        "animeId": "towa-yuugure-sub-indo",
        "href": "/anime/anime/towa-yuugure-sub-indo",
        "otakudesuUrl": "https://otakudesu.best/anime/towa-yuugure-sub-indo/"
      },
      {
        "title": "Wandance",
        "poster": "https://otakudesu.best/wp-content/uploads/2026/01/Wandance-Sub-Indo.jpg",
        "animeId": "wandnce-sub-indo",
        "href": "/anime/anime/wandnce-sub-indo",
        "otakudesuUrl": "https://otakudesu.best/anime/wandnce-sub-indo/"
      },
      {
        "title": "Nageki no Bourei wa Intai shitai Season 2",
        "poster": "https://otakudesu.best/wp-content/uploads/2026/01/Nageki-no-Bourei-wa-Intai-shitai-Season-2-Sub-Indo.jpg",
        "animeId": "ageki-bourei-intai-shitai-s2-sub-indo",
        "href": "/anime/anime/ageki-bourei-intai-shitai-s2-sub-indo",
        "otakudesuUrl": "https://otakudesu.best/anime/ageki-bourei-intai-shitai-s2-sub-indo/"
      },
      {
        "title": "Chichi wa Eiyuu, Haha wa Seirei, Musume no Watashi wa Tenseisha.",
        "poster": "https://otakudesu.best/wp-content/uploads/2026/01/Chichi-wa-Eiyuu-Haha-wa-Seirei-Musume-no-Watashi-wa-Tenseisha.-Sub-Indo.jpg",
        "animeId": "chichi-haha-seirei-sub-indo",
        "href": "/anime/anime/chichi-haha-seirei-sub-indo",
        "otakudesuUrl": "https://otakudesu.best/anime/chichi-haha-seirei-sub-indo/"
      },
      {
        "title": "Mugen Gacha",
        "poster": "https://otakudesu.best/wp-content/uploads/2026/01/Mugen-Gacha-Sub-Indo.jpg",
        "animeId": "mugen-gacha-sub-indo",
        "href": "/anime/anime/mugen-gacha-sub-indo",
        "otakudesuUrl": "https://otakudesu.best/anime/mugen-gacha-sub-indo/"
      }
    ]
  },
  "pagination": null
}