{
  "status": "success",
  "creator": "Sanka Vollerei",
  "statusCode": 200,
  "statusMessage": "OK",
  "message": "",
  "ok": true,
  "data": {
    "title": "Jigokuraku Season 2",
    "poster": "https://otakudesu.best/wp-content/uploads/2026/01/154456.jpg",
    "japanese": "地獄楽第二期",
    "score": "7.58",
    "producers": "Twin Engine",
    "type": "TV",
    "status": "Ongoing",
    "episodes": null,
    "duration": "24 min.",
    "aired": "Jan 11, 2026",
    "studios": "MAPPA",
    "batch": null,
    "synopsis": {
      "paragraphs": [],
      "connections": []
    },
    "genreList": [
      {
        "title": "Action",
        "genreId": "action",
        "href": "/anime/genre/action",
        "otakudesuUrl": "https://otakudesu.best/genres/action/"
      },
      {
        "title": "Adventure",
        "genreId": "adventure",
        "href": "/anime/genre/adventure",
        "otakudesuUrl": "https://otakudesu.best/genres/adventure/"
      },
      {
        "title": "Gore",
        "genreId": "gore",
        "href": "/anime/genre/gore",
        "otakudesuUrl": "https://otakudesu.best/genres/gore/"
      },
      {
        "title": "Historical",
        "genreId": "historical",
        "href": "/anime/genre/historical",
        "otakudesuUrl": "https://otakudesu.best/genres/historical/"
      },
      {
        "title": "Samurai",
        "genreId": "samurai",
        "href": "/anime/genre/samurai",
        "otakudesuUrl": "https://otakudesu.best/genres/samurai/"
      },
      {
        "title": "Shounen",
        "genreId": "shounen",
        "href": "/anime/genre/shounen",
        "otakudesuUrl": "https://otakudesu.best/genres/shounen/"
      },
      {
        "title": "Supernatural",
        "genreId": "supernatural",
        "href": "/anime/genre/supernatural",
        "otakudesuUrl": "https://otakudesu.best/genres/supernatural/"
      }
    ],
    "episodeList": [
      {
        "title": "Jigokuraku Season 2 Episode 5 Subtitle Indonesia",
        "eps": 5,
        "date": "9 Februari,2026",
        "episodeId": "jgkrk-s2-episode-5-sub-indo",
        "href": "/anime/episode/jgkrk-s2-episode-5-sub-indo",
        "otakudesuUrl": "https://otakudesu.best/episode/jgkrk-s2-episode-5-sub-indo/"
      },
      {
        "title": "Jigokuraku Season 2 Episode 4 Subtitle Indonesia",
        "eps": 4,
        "date": "1 Februari,2026",
        "episodeId": "jgkrk-s2-episode-4-sub-indo",
        "href": "/anime/episode/jgkrk-s2-episode-4-sub-indo",
        "otakudesuUrl": "https://otakudesu.best/episode/jgkrk-s2-episode-4-sub-indo/"
      },
      {
        "title": "Jigokuraku Season 2 Episode 3 Subtitle Indonesia",
        "eps": 3,
        "date": "25 Januari,2026",
        "episodeId": "jgkrk-s2-episode-3-sub-indo",
        "href": "/anime/episode/jgkrk-s2-episode-3-sub-indo",
        "otakudesuUrl": "https://otakudesu.best/episode/jgkrk-s2-episode-3-sub-indo/"
      },
      {
        "title": "Jigokuraku Season 2 Episode 2 Subtitle Indonesia",
        "eps": 2,
        "date": "18 Januari,2026",
        "episodeId": "jgkrk-s2-episode-2-sub-indo",
        "href": "/anime/episode/jgkrk-s2-episode-2-sub-indo",
        "otakudesuUrl": "https://otakudesu.best/episode/jgkrk-s2-episode-2-sub-indo/"
      },
      {
        "title": "Jigokuraku Season 2 Episode 1 Subtitle Indonesia",
        "eps": 1,
        "date": "11 Januari,2026",
        "episodeId": "jgkrk-s2-episode-1-sub-indo",
        "href": "/anime/episode/jgkrk-s2-episode-1-sub-indo",
        "otakudesuUrl": "https://otakudesu.best/episode/jgkrk-s2-episode-1-sub-indo/"
      }
    ],
    "recommendedAnimeList": [
      {
        "title": "Towa no Yuugure",
        "poster": "https://otakudesu.best/wp-content/uploads/2026/02/Towa-no-Yuugure-Sub-Indo.jpg",
        "animeId": "towa-yuugure-sub-indo",
        "href": "/anime/anime/towa-yuugure-sub-indo",
        "otakudesuUrl": "https://otakudesu.best/anime/towa-yuugure-sub-indo/"
      },
      {
        "title": "Wandance",
        "poster": "https://otakudesu.best/wp-content/uploads/2026/01/Wandance-Sub-Indo.jpg",
        "animeId": "wandnce-sub-indo",
        "href": "/anime/anime/wandnce-sub-indo",
        "otakudesuUrl": "https://otakudesu.best/anime/wandnce-sub-indo/"
      },
      {
        "title": "Nageki no Bourei wa Intai shitai Season 2",
        "poster": "https://otakudesu.best/wp-content/uploads/2026/01/Nageki-no-Bourei-wa-Intai-shitai-Season-2-Sub-Indo.jpg",
        "animeId": "ageki-bourei-intai-shitai-s2-sub-indo",
        "href": "/anime/anime/ageki-bourei-intai-shitai-s2-sub-indo",
        "otakudesuUrl": "https://otakudesu.best/anime/ageki-bourei-intai-shitai-s2-sub-indo/"
      },
      {
        "title": "Chichi wa Eiyuu, Haha wa Seirei, Musume no Watashi wa Tenseisha.",
        "poster": "https://otakudesu.best/wp-content/uploads/2026/01/Chichi-wa-Eiyuu-Haha-wa-Seirei-Musume-no-Watashi-wa-Tenseisha.-Sub-Indo.jpg",
        "animeId": "chichi-haha-seirei-sub-indo",
        "href": "/anime/anime/chichi-haha-seirei-sub-indo",
        "otakudesuUrl": "https://otakudesu.best/anime/chichi-haha-seirei-sub-indo/"
      },
      {
        "title": "Mugen Gacha",
        "poster": "https://otakudesu.best/wp-content/uploads/2026/01/Mugen-Gacha-Sub-Indo.jpg",
        "animeId": "mugen-gacha-sub-indo",
        "href": "/anime/anime/mugen-gacha-sub-indo",
        "otakudesuUrl": "https://otakudesu.best/anime/mugen-gacha-sub-indo/"
      }
    ]
  },
  "pagination": null
}